person240, person13
person407, person14
person150, person14
person211, person14
person407, person161
person240, person161
person342, person142
person342, person206
person72, person206
person104, person204
person124, person204
person234, person204
person211, person21
person407, person21
person180, person212
person342, person217
person72, person217
person165, person242
person331, person249
person101, person218
person101, person253
person101, person255
person104, person255
person124, person255
person234, person255
person235, person255
person124, person253
person240, person257
person415, person262
person292, person262
person342, person300
person240, person352
person292, person352
person415, person352
person415, person314
person171, person314
person211, person352
