id,source_id,cot_type,how,detail,servertime
39656890,53,a-n-A-C-F-m,m-g,<detail><status readiness='true'/><contact callsign='NKS306'/><link uid='ANDROID-353300067817459' production_time='2017-05-07T20:32:30.642Z' relation='p-p' type='a-f-G-U-C' parent_callsign='ADS-B'/><tadilj tadilj=''/><tadilj tadilj=''/><color argb='-1'/><precisionlocation geopointsrc='???' altsrc='???'/><_flow-tags_ demo1='2017-05-07T20:34:59Z'/></detail>,201705071635
39656891,29,a-n-A-C-F-m,m-g,<detail><status readiness='true'/><contact callsign='AAL769'/><link uid='ANDROID-353300067817459' production_time='2017-05-07T20:29:45.324Z' relation='p-p' type='a-f-G-U-C' parent_callsign='ADS-B'/><tadilj tadilj=''/><tadilj tadilj=''/><color argb='-1'/><precisionlocation geopointsrc='???' altsrc='???'/><_flow-tags_ demo1='2017-05-07T20:34:59Z'/></detail>,201705071635
39656892,53,a-n-A-C-F-m,m-g,<detail><status readiness='true'/><contact callsign='NKS306'/><link uid='ANDROID-353300067817459' production_time='2017-05-07T20:32:30.642Z' relation='p-p' type='a-f-G-U-C' parent_callsign='ADS-B'/><tadilj tadilj=''/><tadilj tadilj=''/><color argb='-1'/><precisionlocation geopointsrc='???' altsrc='???'/><_flow-tags_ demo1='2017-05-07T20:34:59Z'/></detail>,201705071635
39656893,53,a-n-A-C-F-m,m-g,<detail><status readiness='true'/><contact callsign='NKS306'/><link uid='ANDROID-353300067817459' production_time='2017-05-07T20:32:30.642Z' relation='p-p' type='a-f-G-U-C' parent_callsign='ADS-B'/><tadilj tadilj=''/><tadilj tadilj=''/><color argb='-1'/><precisionlocation geopointsrc='???' altsrc='???'/><_flow-tags_ demo1='2017-05-07T20:34:59Z'/></detail>,201705071635
39656894,16,a-n-A-C-F-m,m-g,<detail><status readiness='true'/><contact callsign='N352VJ'/><link uid='ANDROID-353300067817459' production_time='2017-05-07T20:27:17.567Z' relation='p-p' type='a-f-G-U-C' parent_callsign='ADS-B'/><tadilj tadilj=''/><tadilj tadilj=''/><color argb='-1'/><precisionlocation geopointsrc='???' altsrc='???'/><_flow-tags_ demo1='2017-05-07T20:34:59Z'/></detail>,201705071635
39656895,29,a-n-A-C-F-m,m-g,<detail><status readiness='true'/><contact callsign='AAL769'/><link uid='ANDROID-353300067817459' production_time='2017-05-07T20:29:45.324Z' relation='p-p' type='a-f-G-U-C' parent_callsign='ADS-B'/><tadilj tadilj=''/><tadilj tadilj=''/><color argb='-1'/><precisionlocation geopointsrc='???' altsrc='???'/><_flow-tags_ demo1='2017-05-07T20:34:59Z'/></detail>,201705071635
39656896,28,a-n-A-C-F-m,m-g,<detail><status readiness='true'/><contact callsign='AAL1037'/><link uid='ANDROID-353300067817459' production_time='2017-05-07T20:31:18.459Z' relation='p-p' type='a-f-G-U-C' parent_callsign='ADS-B'/><tadilj tadilj=''/><tadilj tadilj=''/><color argb='-1'/><precisionlocation geopointsrc='???' altsrc='???'/><_flow-tags_ demo1='2017-05-07T20:34:59Z'/></detail>,201705071635
39656897,16,a-n-A-C-F-m,m-g,<detail><status readiness='true'/><contact callsign='N352VJ'/><link uid='ANDROID-353300067817459' production_time='2017-05-07T20:27:17.567Z' relation='p-p' type='a-f-G-U-C' parent_callsign='ADS-B'/><tadilj tadilj=''/><tadilj tadilj=''/><color argb='-1'/><precisionlocation geopointsrc='???' altsrc='???'/><_flow-tags_ demo1='2017-05-07T20:35:00Z'/></detail>,201705071635
39656898,53,a-n-A-C-F-m,m-g,<detail><status readiness='true'/><contact callsign='NKS306'/><link uid='ANDROID-353300067817459' production_time='2017-05-07T20:32:30.642Z' relation='p-p' type='a-f-G-U-C' parent_callsign='ADS-B'/><tadilj tadilj=''/><tadilj tadilj=''/><color argb='-1'/><precisionlocation geopointsrc='???' altsrc='???'/><_flow-tags_ demo1='2017-05-07T20:35:00Z'/></detail>,201705071635
39656899,53,a-n-A-C-F-m,m-g,<detail><status readiness='true'/><contact callsign='NKS306'/><link uid='ANDROID-353300067817459' production_time='2017-05-07T20:32:30.642Z' relation='p-p' type='a-f-G-U-C' parent_callsign='ADS-B'/><tadilj tadilj=''/><tadilj tadilj=''/><color argb='-1'/><precisionlocation geopointsrc='???' altsrc='???'/><_flow-tags_ demo1='2017-05-07T20:35:00Z'/></detail>,201705071635
39656900,29,a-n-A-C-F-m,m-g,<detail><status readiness='true'/><contact callsign='AAL769'/><link uid='ANDROID-353300067817459' production_time='2017-05-07T20:29:45.324Z' relation='p-p' type='a-f-G-U-C' parent_callsign='ADS-B'/><tadilj tadilj=''/><tadilj tadilj=''/><color argb='-1'/><precisionlocation geopointsrc='???' altsrc='???'/><_flow-tags_ demo1='2017-05-07T20:35:00Z'/></detail>,201705071635
39656901,29,a-n-A-C-F-m,m-g,<detail><status readiness='true'/><contact callsign='AAL769'/><link uid='ANDROID-353300067817459' production_time='2017-05-07T20:29:45.324Z' relation='p-p' type='a-f-G-U-C' parent_callsign='ADS-B'/><tadilj tadilj=''/><tadilj tadilj=''/><color argb='-1'/><precisionlocation geopointsrc='???' altsrc='???'/><_flow-tags_ demo1='2017-05-07T20:35:00Z'/></detail>,201705071635
39656902,16,a-n-A-C-F-m,m-g,<detail><status readiness='true'/><contact callsign='N352VJ'/><link uid='ANDROID-353300067817459' production_time='2017-05-07T20:27:17.567Z' relation='p-p' type='a-f-G-U-C' parent_callsign='ADS-B'/><tadilj tadilj=''/><tadilj tadilj=''/><color argb='-1'/><precisionlocation geopointsrc='???' altsrc='???'/><_flow-tags_ demo1='2017-05-07T20:35:00Z'/></detail>,201705071635
39656903,16,a-n-A-C-F-m,m-g,<detail><status readiness='true'/><contact callsign='N352VJ'/><link uid='ANDROID-353300067817459' production_time='2017-05-07T20:27:17.567Z' relation='p-p' type='a-f-G-U-C' parent_callsign='ADS-B'/><tadilj tadilj=''/><tadilj tadilj=''/><color argb='-1'/><precisionlocation geopointsrc='???' altsrc='???'/><_flow-tags_ demo1='2017-05-07T20:35:00Z'/></detail>,201705071635
39656904,29,a-n-A-C-F-m,m-g,<detail><status readiness='true'/><contact callsign='AAL769'/><link uid='ANDROID-353300067817459' production_time='2017-05-07T20:29:45.324Z' relation='p-p' type='a-f-G-U-C' parent_callsign='ADS-B'/><tadilj tadilj=''/><tadilj tadilj=''/><color argb='-1'/><precisionlocation geopointsrc='???' altsrc='???'/><_flow-tags_ demo1='2017-05-07T20:35:00Z'/></detail>,201705071635
39656905,53,a-n-A-C-F-m,m-g,<detail><status readiness='true'/><contact callsign='NKS306'/><link uid='ANDROID-353300067817459' production_time='2017-05-07T20:32:30.642Z' relation='p-p' type='a-f-G-U-C' parent_callsign='ADS-B'/><tadilj tadilj=''/><tadilj tadilj=''/><color argb='-1'/><precisionlocation geopointsrc='???' altsrc='???'/><_flow-tags_ demo1='2017-05-07T20:35:00Z'/></detail>,201705071635
39656906,53,a-n-A-C-F-m,m-g,<detail><status readiness='true'/><contact callsign='NKS306'/><link uid='ANDROID-353300067817459' production_time='2017-05-07T20:32:30.642Z' relation='p-p' type='a-f-G-U-C' parent_callsign='ADS-B'/><tadilj tadilj=''/><tadilj tadilj=''/><color argb='-1'/><precisionlocation geopointsrc='???' altsrc='???'/><_flow-tags_ demo1='2017-05-07T20:35:01Z'/></detail>,201705071635
39656907,29,a-n-A-C-F-m,m-g,<detail><status readiness='true'/><contact callsign='AAL769'/><link uid='ANDROID-353300067817459' production_time='2017-05-07T20:29:45.324Z' relation='p-p' type='a-f-G-U-C' parent_callsign='ADS-B'/><tadilj tadilj=''/><tadilj tadilj=''/><color argb='-1'/><precisionlocation geopointsrc='???' altsrc='???'/><_flow-tags_ demo1='2017-05-07T20:35:01Z'/></detail>,201705071635
39656908,53,a-n-A-C-F-m,m-g,<detail><status readiness='true'/><contact callsign='NKS306'/><link uid='ANDROID-353300067817459' production_time='2017-05-07T20:32:30.642Z' relation='p-p' type='a-f-G-U-C' parent_callsign='ADS-B'/><tadilj tadilj=''/><tadilj tadilj=''/><color argb='-1'/><precisionlocation geopointsrc='???' altsrc='???'/><_flow-tags_ demo1='2017-05-07T20:35:01Z'/></detail>,201705071635
39656909,53,a-n-A-C-F-m,m-g,<detail><status readiness='true'/><contact callsign='NKS306'/><link uid='ANDROID-353300067817459' production_time='2017-05-07T20:32:30.642Z' relation='p-p' type='a-f-G-U-C' parent_callsign='ADS-B'/><tadilj tadilj=''/><tadilj tadilj=''/><color argb='-1'/><precisionlocation geopointsrc='???' altsrc='???'/><_flow-tags_ demo1='2017-05-07T20:35:01Z'/></detail>,201705071635
39656910,16,a-n-A-C-F-m,m-g,<detail><status readiness='true'/><contact callsign='N352VJ'/><link uid='ANDROID-353300067817459' production_time='2017-05-07T20:27:17.567Z' relation='p-p' type='a-f-G-U-C' parent_callsign='ADS-B'/><tadilj tadilj=''/><tadilj tadilj=''/><color argb='-1'/><precisionlocation geopointsrc='???' altsrc='???'/><_flow-tags_ demo1='2017-05-07T20:35:01Z'/></detail>,201705071635
39656911,53,a-n-A-C-F-m,m-g,<detail><status readiness='true'/><contact callsign='NKS306'/><link uid='ANDROID-353300067817459' production_time='2017-05-07T20:32:30.642Z' relation='p-p' type='a-f-G-U-C' parent_callsign='ADS-B'/><tadilj tadilj=''/><tadilj tadilj=''/><color argb='-1'/><precisionlocation geopointsrc='???' altsrc='???'/><_flow-tags_ demo1='2017-05-07T20:35:01Z'/></detail>,201705071635
39656912,29,a-n-A-C-F-m,m-g,<detail><status readiness='true'/><contact callsign='AAL769'/><link uid='ANDROID-353300067817459' production_time='2017-05-07T20:29:45.324Z' relation='p-p' type='a-f-G-U-C' parent_callsign='ADS-B'/><tadilj tadilj=''/><tadilj tadilj=''/><color argb='-1'/><precisionlocation geopointsrc='???' altsrc='???'/><_flow-tags_ demo1='2017-05-07T20:35:01Z'/></detail>,201705071635
39656913,67,a-n-A-C-F-m,m-g,<detail><status readiness='true'/><contact callsign='UAL1628'/><link uid='ANDROID-353300067817459' production_time='2017-05-07T20:34:09.976Z' relation='p-p' type='a-f-G-U-C' parent_callsign='ADS-B'/><tadilj tadilj=''/><tadilj tadilj=''/><color argb='-1'/><precisionlocation geopointsrc='???' altsrc='???'/><_flow-tags_ demo1='2017-05-07T20:35:01Z'/></detail>,201705071635
39656914,67,a-n-A-C-F-m,m-g,<detail><status readiness='true'/><contact callsign='UAL1628'/><link uid='ANDROID-353300067817459' production_time='2017-05-07T20:34:09.976Z' relation='p-p' type='a-f-G-U-C' parent_callsign='ADS-B'/><tadilj tadilj=''/><tadilj tadilj=''/><color argb='-1'/><precisionlocation geopointsrc='???' altsrc='???'/><_flow-tags_ demo1='2017-05-07T20:35:02Z'/></detail>,201705071635
39656915,67,a-n-A-C-F-m,m-g,<detail><status readiness='true'/><contact callsign='UAL1628'/><link uid='ANDROID-353300067817459' production_time='2017-05-07T20:34:09.976Z' relation='p-p' type='a-f-G-U-C' parent_callsign='ADS-B'/><tadilj tadilj=''/><tadilj tadilj=''/><color argb='-1'/><precisionlocation geopointsrc='???' altsrc='???'/><_flow-tags_ demo1='2017-05-07T20:35:02Z'/></detail>,201705071635
39656916,29,a-n-A-C-F-m,m-g,<detail><status readiness='true'/><contact callsign='AAL769'/><link uid='ANDROID-353300067817459' production_time='2017-05-07T20:29:45.324Z' relation='p-p' type='a-f-G-U-C' parent_callsign='ADS-B'/><tadilj tadilj=''/><tadilj tadilj=''/><color argb='-1'/><precisionlocation geopointsrc='???' altsrc='???'/><_flow-tags_ demo1='2017-05-07T20:35:02Z'/></detail>,201705071635
39656917,16,a-n-A-C-F-m,m-g,<detail><status readiness='true'/><contact callsign='N352VJ'/><link uid='ANDROID-353300067817459' production_time='2017-05-07T20:27:17.567Z' relation='p-p' type='a-f-G-U-C' parent_callsign='ADS-B'/><tadilj tadilj=''/><tadilj tadilj=''/><color argb='-1'/><precisionlocation geopointsrc='???' altsrc='???'/><_flow-tags_ demo1='2017-05-07T20:35:02Z'/></detail>,201705071635
39656918,29,a-n-A-C-F-m,m-g,<detail><status readiness='true'/><contact callsign='AAL769'/><link uid='ANDROID-353300067817459' production_time='2017-05-07T20:29:45.324Z' relation='p-p' type='a-f-G-U-C' parent_callsign='ADS-B'/><tadilj tadilj=''/><tadilj tadilj=''/><color argb='-1'/><precisionlocation geopointsrc='???' altsrc='???'/><_flow-tags_ demo1='2017-05-07T20:35:02Z'/></detail>,201705071635
39656919,16,a-n-A-C-F-m,m-g,<detail><status readiness='true'/><contact callsign='N352VJ'/><link uid='ANDROID-353300067817459' production_time='2017-05-07T20:27:17.567Z' relation='p-p' type='a-f-G-U-C' parent_callsign='ADS-B'/><tadilj tadilj=''/><tadilj tadilj=''/><color argb='-1'/><precisionlocation geopointsrc='???' altsrc='???'/><_flow-tags_ demo1='2017-05-07T20:35:03Z'/></detail>,201705071635
39656920,53,a-n-A-C-F-m,m-g,<detail><status readiness='true'/><contact callsign='NKS306'/><link uid='ANDROID-353300067817459' production_time='2017-05-07T20:32:30.642Z' relation='p-p' type='a-f-G-U-C' parent_callsign='ADS-B'/><tadilj tadilj=''/><tadilj tadilj=''/><color argb='-1'/><precisionlocation geopointsrc='???' altsrc='???'/><_flow-tags_ demo1='2017-05-07T20:35:03Z'/></detail>,201705071635
39656921,53,a-n-A-C-F-m,m-g,<detail><status readiness='true'/><contact callsign='NKS306'/><link uid='ANDROID-353300067817459' production_time='2017-05-07T20:32:30.642Z' relation='p-p' type='a-f-G-U-C' parent_callsign='ADS-B'/><tadilj tadilj=''/><tadilj tadilj=''/><color argb='-1'/><precisionlocation geopointsrc='???' altsrc='???'/><_flow-tags_ demo1='2017-05-07T20:35:03Z'/></detail>,201705071635
39656922,67,a-n-A-C-F-m,m-g,<detail><status readiness='true'/><contact callsign='UAL1628'/><link uid='ANDROID-353300067817459' production_time='2017-05-07T20:34:09.976Z' relation='p-p' type='a-f-G-U-C' parent_callsign='ADS-B'/><tadilj tadilj=''/><tadilj tadilj=''/><color argb='-1'/><precisionlocation geopointsrc='???' altsrc='???'/><_flow-tags_ demo1='2017-05-07T20:35:03Z'/></detail>,201705071635
39656923,16,a-n-A-C-F-m,m-g,<detail><status readiness='true'/><contact callsign='N352VJ'/><link uid='ANDROID-353300067817459' production_time='2017-05-07T20:27:17.567Z' relation='p-p' type='a-f-G-U-C' parent_callsign='ADS-B'/><tadilj tadilj=''/><tadilj tadilj=''/><color argb='-1'/><precisionlocation geopointsrc='???' altsrc='???'/><_flow-tags_ demo1='2017-05-07T20:35:03Z'/></detail>,201705071635
39656924,16,a-n-A-C-F-m,m-g,<detail><status readiness='true'/><contact callsign='N352VJ'/><link uid='ANDROID-353300067817459' production_time='2017-05-07T20:27:17.567Z' relation='p-p' type='a-f-G-U-C' parent_callsign='ADS-B'/><tadilj tadilj=''/><tadilj tadilj=''/><color argb='-1'/><precisionlocation geopointsrc='???' altsrc='???'/><_flow-tags_ demo1='2017-05-07T20:35:03Z'/></detail>,201705071635
39656925,53,a-n-A-C-F-m,m-g,<detail><status readiness='true'/><contact callsign='NKS306'/><link uid='ANDROID-353300067817459' production_time='2017-05-07T20:32:30.642Z' relation='p-p' type='a-f-G-U-C' parent_callsign='ADS-B'/><tadilj tadilj=''/><tadilj tadilj=''/><color argb='-1'/><precisionlocation geopointsrc='???' altsrc='???'/><_flow-tags_ demo1='2017-05-07T20:35:03Z'/></detail>,201705071635
39656926,53,a-n-A-C-F-m,m-g,<detail><status readiness='true'/><contact callsign='NKS306'/><link uid='ANDROID-353300067817459' production_time='2017-05-07T20:32:30.642Z' relation='p-p' type='a-f-G-U-C' parent_callsign='ADS-B'/><tadilj tadilj=''/><tadilj tadilj=''/><color argb='-1'/><precisionlocation geopointsrc='???' altsrc='???'/><_flow-tags_ demo1='2017-05-07T20:35:03Z'/></detail>,201705071635
39656927,67,a-n-A-C-F-m,m-g,<detail><status readiness='true'/><contact callsign='UAL1628'/><link uid='ANDROID-353300067817459' production_time='2017-05-07T20:34:09.976Z' relation='p-p' type='a-f-G-U-C' parent_callsign='ADS-B'/><tadilj tadilj=''/><tadilj tadilj=''/><color argb='-1'/><precisionlocation geopointsrc='???' altsrc='???'/><_flow-tags_ demo1='2017-05-07T20:35:03Z'/></detail>,201705071635
39656928,29,a-n-A-C-F-m,m-g,<detail><status readiness='true'/><contact callsign='AAL769'/><link uid='ANDROID-353300067817459' production_time='2017-05-07T20:29:45.324Z' relation='p-p' type='a-f-G-U-C' parent_callsign='ADS-B'/><tadilj tadilj=''/><tadilj tadilj=''/><color argb='-1'/><precisionlocation geopointsrc='???' altsrc='???'/><_flow-tags_ demo1='2017-05-07T20:35:03Z'/></detail>,201705071635
39656929,53,a-n-A-C-F-m,m-g,<detail><status readiness='true'/><contact callsign='NKS306'/><link uid='ANDROID-353300067817459' production_time='2017-05-07T20:32:30.642Z' relation='p-p' type='a-f-G-U-C' parent_callsign='ADS-B'/><tadilj tadilj=''/><tadilj tadilj=''/><color argb='-1'/><precisionlocation geopointsrc='???' altsrc='???'/><_flow-tags_ demo1='2017-05-07T20:35:03Z'/></detail>,201705071635
39656930,16,a-n-A-C-F-m,m-g,<detail><status readiness='true'/><contact callsign='N352VJ'/><link uid='ANDROID-353300067817459' production_time='2017-05-07T20:27:17.567Z' relation='p-p' type='a-f-G-U-C' parent_callsign='ADS-B'/><tadilj tadilj=''/><tadilj tadilj=''/><color argb='-1'/><precisionlocation geopointsrc='???' altsrc='???'/><_flow-tags_ demo1='2017-05-07T20:35:03Z'/></detail>,201705071635
39656931,67,a-n-A-C-F-m,m-g,<detail><status readiness='true'/><contact callsign='UAL1628'/><link uid='ANDROID-353300067817459' production_time='2017-05-07T20:34:09.976Z' relation='p-p' type='a-f-G-U-C' parent_callsign='ADS-B'/><tadilj tadilj=''/><tadilj tadilj=''/><color argb='-1'/><precisionlocation geopointsrc='???' altsrc='???'/><_flow-tags_ demo1='2017-05-07T20:35:03Z'/></detail>,201705071635
39656932,67,a-n-A-C-F-m,m-g,<detail><status readiness='true'/><contact callsign='UAL1628'/><link uid='ANDROID-353300067817459' production_time='2017-05-07T20:34:09.976Z' relation='p-p' type='a-f-G-U-C' parent_callsign='ADS-B'/><tadilj tadilj=''/><tadilj tadilj=''/><color argb='-1'/><precisionlocation geopointsrc='???' altsrc='???'/><_flow-tags_ demo1='2017-05-07T20:35:03Z'/></detail>,201705071635
39656933,16,a-n-A-C-F-m,m-g,<detail><status readiness='true'/><contact callsign='N352VJ'/><link uid='ANDROID-353300067817459' production_time='2017-05-07T20:27:17.567Z' relation='p-p' type='a-f-G-U-C' parent_callsign='ADS-B'/><tadilj tadilj=''/><tadilj tadilj=''/><color argb='-1'/><precisionlocation geopointsrc='???' altsrc='???'/><_flow-tags_ demo1='2017-05-07T20:35:04Z'/></detail>,201705071635
39656934,29,a-n-A-C-F-m,m-g,<detail><status readiness='true'/><contact callsign='AAL769'/><link uid='ANDROID-353300067817459' production_time='2017-05-07T20:29:45.324Z' relation='p-p' type='a-f-G-U-C' parent_callsign='ADS-B'/><tadilj tadilj=''/><tadilj tadilj=''/><color argb='-1'/><precisionlocation geopointsrc='???' altsrc='???'/><_flow-tags_ demo1='2017-05-07T20:35:04Z'/></detail>,201705071635
39656935,67,a-n-A-C-F-m,m-g,<detail><status readiness='true'/><contact callsign='UAL1628'/><link uid='ANDROID-353300067817459' production_time='2017-05-07T20:34:09.976Z' relation='p-p' type='a-f-G-U-C' parent_callsign='ADS-B'/><tadilj tadilj=''/><tadilj tadilj=''/><color argb='-1'/><precisionlocation geopointsrc='???' altsrc='???'/><_flow-tags_ demo1='2017-05-07T20:35:04Z'/></detail>,201705071635
39656936,67,a-n-A-C-F-m,m-g,<detail><status readiness='true'/><contact callsign='UAL1628'/><link uid='ANDROID-353300067817459' production_time='2017-05-07T20:34:09.976Z' relation='p-p' type='a-f-G-U-C' parent_callsign='ADS-B'/><tadilj tadilj=''/><tadilj tadilj=''/><color argb='-1'/><precisionlocation geopointsrc='???' altsrc='???'/><_flow-tags_ demo1='2017-05-07T20:35:04Z'/></detail>,201705071635
39656937,67,a-n-A-C-F-m,m-g,<detail><status readiness='true'/><contact callsign='UAL1628'/><link uid='ANDROID-353300067817459' production_time='2017-05-07T20:34:09.976Z' relation='p-p' type='a-f-G-U-C' parent_callsign='ADS-B'/><tadilj tadilj=''/><tadilj tadilj=''/><color argb='-1'/><precisionlocation geopointsrc='???' altsrc='???'/><_flow-tags_ demo1='2017-05-07T20:35:04Z'/></detail>,201705071635
39656938,29,a-n-A-C-F-m,m-g,<detail><status readiness='true'/><contact callsign='AAL769'/><link uid='ANDROID-353300067817459' production_time='2017-05-07T20:29:45.324Z' relation='p-p' type='a-f-G-U-C' parent_callsign='ADS-B'/><tadilj tadilj=''/><tadilj tadilj=''/><color argb='-1'/><precisionlocation geopointsrc='???' altsrc='???'/><_flow-tags_ demo1='2017-05-07T20:35:04Z'/></detail>,201705071635
39656939,16,a-n-A-C-F-m,m-g,<detail><status readiness='true'/><contact callsign='N352VJ'/><link uid='ANDROID-353300067817459' production_time='2017-05-07T20:27:17.567Z' relation='p-p' type='a-f-G-U-C' parent_callsign='ADS-B'/><tadilj tadilj=''/><tadilj tadilj=''/><color argb='-1'/><precisionlocation geopointsrc='???' altsrc='???'/><_flow-tags_ demo1='2017-05-07T20:35:04Z'/></detail>,201705071635
39656940,16,a-n-A-C-F-m,m-g,<detail><status readiness='true'/><contact callsign='N352VJ'/><link uid='ANDROID-353300067817459' production_time='2017-05-07T20:27:17.567Z' relation='p-p' type='a-f-G-U-C' parent_callsign='ADS-B'/><tadilj tadilj=''/><tadilj tadilj=''/><color argb='-1'/><precisionlocation geopointsrc='???' altsrc='???'/><_flow-tags_ demo1='2017-05-07T20:35:04Z'/></detail>,201705071635
39656941,53,a-n-A-C-F-m,m-g,<detail><status readiness='true'/><contact callsign='NKS306'/><link uid='ANDROID-353300067817459' production_time='2017-05-07T20:32:30.642Z' relation='p-p' type='a-f-G-U-C' parent_callsign='ADS-B'/><tadilj tadilj=''/><tadilj tadilj=''/><color argb='-1'/><precisionlocation geopointsrc='???' altsrc='???'/><_flow-tags_ demo1='2017-05-07T20:35:04Z'/></detail>,201705071635
39656942,53,a-n-A-C-F-m,m-g,<detail><status readiness='true'/><contact callsign='NKS306'/><link uid='ANDROID-353300067817459' production_time='2017-05-07T20:32:30.642Z' relation='p-p' type='a-f-G-U-C' parent_callsign='ADS-B'/><tadilj tadilj=''/><tadilj tadilj=''/><color argb='-1'/><precisionlocation geopointsrc='???' altsrc='???'/><_flow-tags_ demo1='2017-05-07T20:35:04Z'/></detail>,201705071635
39656943,30,a-n-A-C-F,m-g,"<detail><track speed='234.5866464' course='234'/><contact callsign='RAM200'/><remarks>Royal Air Maroc (Morocco); Route: GMMN-KJFK; Mohammed V Intl, Morocco, John F Kennedy Intl, United States; </remarks><_flow-tags_ demo1='2017-05-07T20:35:04Z'/></detail>",201705071635
39656944,67,a-n-A-C-F-m,m-g,<detail><status readiness='true'/><contact callsign='UAL1628'/><link uid='ANDROID-353300067817459' production_time='2017-05-07T20:34:09.976Z' relation='p-p' type='a-f-G-U-C' parent_callsign='ADS-B'/><tadilj tadilj=''/><tadilj tadilj=''/><color argb='-1'/><precisionlocation geopointsrc='???' altsrc='???'/><_flow-tags_ demo1='2017-05-07T20:35:04Z'/></detail>,201705071635
39656945,53,a-n-A-C-F-m,m-g,<detail><status readiness='true'/><contact callsign='NKS306'/><link uid='ANDROID-353300067817459' production_time='2017-05-07T20:32:30.642Z' relation='p-p' type='a-f-G-U-C' parent_callsign='ADS-B'/><tadilj tadilj=''/><tadilj tadilj=''/><color argb='-1'/><precisionlocation geopointsrc='???' altsrc='???'/><_flow-tags_ demo1='2017-05-07T20:35:04Z'/></detail>,201705071635
39656946,67,a-n-A-C-F-m,m-g,<detail><status readiness='true'/><contact callsign='UAL1628'/><link uid='ANDROID-353300067817459' production_time='2017-05-07T20:34:09.976Z' relation='p-p' type='a-f-G-U-C' parent_callsign='ADS-B'/><tadilj tadilj=''/><tadilj tadilj=''/><color argb='-1'/><precisionlocation geopointsrc='???' altsrc='???'/><_flow-tags_ demo1='2017-05-07T20:35:05Z'/></detail>,201705071635
39656947,16,a-n-A-C-F-m,m-g,<detail><status readiness='true'/><contact callsign='N352VJ'/><link uid='ANDROID-353300067817459' production_time='2017-05-07T20:27:17.567Z' relation='p-p' type='a-f-G-U-C' parent_callsign='ADS-B'/><tadilj tadilj=''/><tadilj tadilj=''/><color argb='-1'/><precisionlocation geopointsrc='???' altsrc='???'/><_flow-tags_ demo1='2017-05-07T20:35:05Z'/></detail>,201705071635
39656948,53,a-n-A-C-F-m,m-g,<detail><status readiness='true'/><contact callsign='NKS306'/><link uid='ANDROID-353300067817459' production_time='2017-05-07T20:32:30.642Z' relation='p-p' type='a-f-G-U-C' parent_callsign='ADS-B'/><tadilj tadilj=''/><tadilj tadilj=''/><color argb='-1'/><precisionlocation geopointsrc='???' altsrc='???'/><_flow-tags_ demo1='2017-05-07T20:35:05Z'/></detail>,201705071635
39656949,53,a-n-A-C-F-m,m-g,<detail><status readiness='true'/><contact callsign='NKS306'/><link uid='ANDROID-353300067817459' production_time='2017-05-07T20:32:30.642Z' relation='p-p' type='a-f-G-U-C' parent_callsign='ADS-B'/><tadilj tadilj=''/><tadilj tadilj=''/><color argb='-1'/><precisionlocation geopointsrc='???' altsrc='???'/><_flow-tags_ demo1='2017-05-07T20:35:05Z'/></detail>,201705071635
39656950,67,a-n-A-C-F-m,m-g,<detail><status readiness='true'/><contact callsign='UAL1628'/><link uid='ANDROID-353300067817459' production_time='2017-05-07T20:34:09.976Z' relation='p-p' type='a-f-G-U-C' parent_callsign='ADS-B'/><tadilj tadilj=''/><tadilj tadilj=''/><color argb='-1'/><precisionlocation geopointsrc='???' altsrc='???'/><_flow-tags_ demo1='2017-05-07T20:35:05Z'/></detail>,201705071635
39656951,53,a-n-A-C-F-m,m-g,<detail><status readiness='true'/><contact callsign='NKS306'/><link uid='ANDROID-353300067817459' production_time='2017-05-07T20:32:30.642Z' relation='p-p' type='a-f-G-U-C' parent_callsign='ADS-B'/><tadilj tadilj=''/><tadilj tadilj=''/><color argb='-1'/><precisionlocation geopointsrc='???' altsrc='???'/><_flow-tags_ demo1='2017-05-07T20:35:05Z'/></detail>,201705071635
39656952,16,a-n-A-C-F-m,m-g,<detail><status readiness='true'/><contact callsign='N352VJ'/><link uid='ANDROID-353300067817459' production_time='2017-05-07T20:27:17.567Z' relation='p-p' type='a-f-G-U-C' parent_callsign='ADS-B'/><tadilj tadilj=''/><tadilj tadilj=''/><color argb='-1'/><precisionlocation geopointsrc='???' altsrc='???'/><_flow-tags_ demo1='2017-05-07T20:35:05Z'/></detail>,201705071635
39656953,53,a-n-A-C-F-m,m-g,<detail><status readiness='true'/><contact callsign='NKS306'/><link uid='ANDROID-353300067817459' production_time='2017-05-07T20:32:30.642Z' relation='p-p' type='a-f-G-U-C' parent_callsign='ADS-B'/><tadilj tadilj=''/><tadilj tadilj=''/><color argb='-1'/><precisionlocation geopointsrc='???' altsrc='???'/><_flow-tags_ demo1='2017-05-07T20:35:05Z'/></detail>,201705071635
39656954,67,a-n-A-C-F-m,m-g,<detail><status readiness='true'/><contact callsign='UAL1628'/><link uid='ANDROID-353300067817459' production_time='2017-05-07T20:34:09.976Z' relation='p-p' type='a-f-G-U-C' parent_callsign='ADS-B'/><tadilj tadilj=''/><tadilj tadilj=''/><color argb='-1'/><precisionlocation geopointsrc='???' altsrc='???'/><_flow-tags_ demo1='2017-05-07T20:35:05Z'/></detail>,201705071635
39656955,53,a-n-A-C-F-m,m-g,<detail><status readiness='true'/><contact callsign='NKS306'/><link uid='ANDROID-353300067817459' production_time='2017-05-07T20:32:30.642Z' relation='p-p' type='a-f-G-U-C' parent_callsign='ADS-B'/><tadilj tadilj=''/><tadilj tadilj=''/><color argb='-1'/><precisionlocation geopointsrc='???' altsrc='???'/><_flow-tags_ demo1='2017-05-07T20:35:05Z'/></detail>,201705071635
39656956,53,a-n-A-C-F-m,m-g,<detail><status readiness='true'/><contact callsign='NKS306'/><link uid='ANDROID-353300067817459' production_time='2017-05-07T20:32:30.642Z' relation='p-p' type='a-f-G-U-C' parent_callsign='ADS-B'/><tadilj tadilj=''/><tadilj tadilj=''/><color argb='-1'/><precisionlocation geopointsrc='???' altsrc='???'/><_flow-tags_ demo1='2017-05-07T20:35:05Z'/></detail>,201705071635
39656957,53,a-n-A-C-F-m,m-g,<detail><status readiness='true'/><contact callsign='NKS306'/><link uid='ANDROID-353300067817459' production_time='2017-05-07T20:32:30.642Z' relation='p-p' type='a-f-G-U-C' parent_callsign='ADS-B'/><tadilj tadilj=''/><tadilj tadilj=''/><color argb='-1'/><precisionlocation geopointsrc='???' altsrc='???'/><_flow-tags_ demo1='2017-05-07T20:35:05Z'/></detail>,201705071635
39656958,29,a-n-A-C-F-m,m-g,<detail><status readiness='true'/><contact callsign='AAL769'/><link uid='ANDROID-353300067817459' production_time='2017-05-07T20:29:45.324Z' relation='p-p' type='a-f-G-U-C' parent_callsign='ADS-B'/><tadilj tadilj=''/><tadilj tadilj=''/><color argb='-1'/><precisionlocation geopointsrc='???' altsrc='???'/><_flow-tags_ demo1='2017-05-07T20:35:05Z'/></detail>,201705071635
39656959,67,a-n-A-C-F-m,m-g,<detail><status readiness='true'/><contact callsign='UAL1628'/><link uid='ANDROID-353300067817459' production_time='2017-05-07T20:34:09.976Z' relation='p-p' type='a-f-G-U-C' parent_callsign='ADS-B'/><tadilj tadilj=''/><tadilj tadilj=''/><color argb='-1'/><precisionlocation geopointsrc='???' altsrc='???'/><_flow-tags_ demo1='2017-05-07T20:35:05Z'/></detail>,201705071635
39656960,53,a-n-A-C-F-m,m-g,<detail><status readiness='true'/><contact callsign='NKS306'/><link uid='ANDROID-353300067817459' production_time='2017-05-07T20:32:30.642Z' relation='p-p' type='a-f-G-U-C' parent_callsign='ADS-B'/><tadilj tadilj=''/><tadilj tadilj=''/><color argb='-1'/><precisionlocation geopointsrc='???' altsrc='???'/><_flow-tags_ demo1='2017-05-07T20:35:05Z'/></detail>,201705071635
39656961,67,a-n-A-C-F-m,m-g,<detail><status readiness='true'/><contact callsign='UAL1628'/><link uid='ANDROID-353300067817459' production_time='2017-05-07T20:34:09.976Z' relation='p-p' type='a-f-G-U-C' parent_callsign='ADS-B'/><tadilj tadilj=''/><tadilj tadilj=''/><color argb='-1'/><precisionlocation geopointsrc='???' altsrc='???'/><_flow-tags_ demo1='2017-05-07T20:35:05Z'/></detail>,201705071635
39656962,30,a-n-A-C-F,m-g,"<detail><track speed='234.5866464' course='234'/><contact callsign='RAM200'/><remarks>Royal Air Maroc (Morocco); Route: GMMN-KJFK; Mohammed V Intl, Morocco, John F Kennedy Intl, United States; </remarks><_flow-tags_ demo1='2017-05-07T20:35:05Z'/></detail>",201705071635
39656963,67,a-n-A-C-F-m,m-g,<detail><status readiness='true'/><contact callsign='UAL1628'/><link uid='ANDROID-353300067817459' production_time='2017-05-07T20:34:09.976Z' relation='p-p' type='a-f-G-U-C' parent_callsign='ADS-B'/><tadilj tadilj=''/><tadilj tadilj=''/><color argb='-1'/><precisionlocation geopointsrc='???' altsrc='???'/><_flow-tags_ demo1='2017-05-07T20:35:06Z'/></detail>,201705071635
39656964,53,a-n-A-C-F-m,m-g,<detail><status readiness='true'/><contact callsign='NKS306'/><link uid='ANDROID-353300067817459' production_time='2017-05-07T20:32:30.642Z' relation='p-p' type='a-f-G-U-C' parent_callsign='ADS-B'/><tadilj tadilj=''/><tadilj tadilj=''/><color argb='-1'/><precisionlocation geopointsrc='???' altsrc='???'/><_flow-tags_ demo1='2017-05-07T20:35:06Z'/></detail>,201705071635
39656965,53,a-n-A-C-F-m,m-g,<detail><status readiness='true'/><contact callsign='NKS306'/><link uid='ANDROID-353300067817459' production_time='2017-05-07T20:32:30.642Z' relation='p-p' type='a-f-G-U-C' parent_callsign='ADS-B'/><tadilj tadilj=''/><tadilj tadilj=''/><color argb='-1'/><precisionlocation geopointsrc='???' altsrc='???'/><_flow-tags_ demo1='2017-05-07T20:35:06Z'/></detail>,201705071635
39656966,53,a-n-A-C-F-m,m-g,<detail><status readiness='true'/><contact callsign='NKS306'/><link uid='ANDROID-353300067817459' production_time='2017-05-07T20:32:30.642Z' relation='p-p' type='a-f-G-U-C' parent_callsign='ADS-B'/><tadilj tadilj=''/><tadilj tadilj=''/><color argb='-1'/><precisionlocation geopointsrc='???' altsrc='???'/><_flow-tags_ demo1='2017-05-07T20:35:06Z'/></detail>,201705071635
39656967,53,a-n-A-C-F-m,m-g,<detail><status readiness='true'/><contact callsign='NKS306'/><link uid='ANDROID-353300067817459' production_time='2017-05-07T20:32:30.642Z' relation='p-p' type='a-f-G-U-C' parent_callsign='ADS-B'/><tadilj tadilj=''/><tadilj tadilj=''/><color argb='-1'/><precisionlocation geopointsrc='???' altsrc='???'/><_flow-tags_ demo1='2017-05-07T20:35:06Z'/></detail>,201705071635
39656968,16,a-n-A-C-F-m,m-g,<detail><status readiness='true'/><contact callsign='N352VJ'/><link uid='ANDROID-353300067817459' production_time='2017-05-07T20:27:17.567Z' relation='p-p' type='a-f-G-U-C' parent_callsign='ADS-B'/><tadilj tadilj=''/><tadilj tadilj=''/><color argb='-1'/><precisionlocation geopointsrc='???' altsrc='???'/><_flow-tags_ demo1='2017-05-07T20:35:06Z'/></detail>,201705071635
39656969,67,a-n-A-C-F-m,m-g,<detail><status readiness='true'/><contact callsign='UAL1628'/><link uid='ANDROID-353300067817459' production_time='2017-05-07T20:34:09.976Z' relation='p-p' type='a-f-G-U-C' parent_callsign='ADS-B'/><tadilj tadilj=''/><tadilj tadilj=''/><color argb='-1'/><precisionlocation geopointsrc='???' altsrc='???'/><_flow-tags_ demo1='2017-05-07T20:35:06Z'/></detail>,201705071635
39656970,67,a-n-A-C-F-m,m-g,<detail><status readiness='true'/><contact callsign='UAL1628'/><link uid='ANDROID-353300067817459' production_time='2017-05-07T20:34:09.976Z' relation='p-p' type='a-f-G-U-C' parent_callsign='ADS-B'/><tadilj tadilj=''/><tadilj tadilj=''/><color argb='-1'/><precisionlocation geopointsrc='???' altsrc='???'/><_flow-tags_ demo1='2017-05-07T20:35:06Z'/></detail>,201705071635
39656971,53,a-n-A-C-F-m,m-g,<detail><status readiness='true'/><contact callsign='NKS306'/><link uid='ANDROID-353300067817459' production_time='2017-05-07T20:32:30.642Z' relation='p-p' type='a-f-G-U-C' parent_callsign='ADS-B'/><tadilj tadilj=''/><tadilj tadilj=''/><color argb='-1'/><precisionlocation geopointsrc='???' altsrc='???'/><_flow-tags_ demo1='2017-05-07T20:35:06Z'/></detail>,201705071635
39656972,53,a-n-A-C-F-m,m-g,<detail><status readiness='true'/><contact callsign='NKS306'/><link uid='ANDROID-353300067817459' production_time='2017-05-07T20:32:30.642Z' relation='p-p' type='a-f-G-U-C' parent_callsign='ADS-B'/><tadilj tadilj=''/><tadilj tadilj=''/><color argb='-1'/><precisionlocation geopointsrc='???' altsrc='???'/><_flow-tags_ demo1='2017-05-07T20:35:06Z'/></detail>,201705071635
39656973,53,a-n-A-C-F-m,m-g,<detail><status readiness='true'/><contact callsign='NKS306'/><link uid='ANDROID-353300067817459' production_time='2017-05-07T20:32:30.642Z' relation='p-p' type='a-f-G-U-C' parent_callsign='ADS-B'/><tadilj tadilj=''/><tadilj tadilj=''/><color argb='-1'/><precisionlocation geopointsrc='???' altsrc='???'/><_flow-tags_ demo1='2017-05-07T20:35:06Z'/></detail>,201705071635
39656974,16,a-n-A-C-F-m,m-g,<detail><status readiness='true'/><contact callsign='N352VJ'/><link uid='ANDROID-353300067817459' production_time='2017-05-07T20:27:17.567Z' relation='p-p' type='a-f-G-U-C' parent_callsign='ADS-B'/><tadilj tadilj=''/><tadilj tadilj=''/><color argb='-1'/><precisionlocation geopointsrc='???' altsrc='???'/><_flow-tags_ demo1='2017-05-07T20:35:07Z'/></detail>,201705071635
39656975,16,a-n-A-C-F-m,m-g,<detail><status readiness='true'/><contact callsign='N352VJ'/><link uid='ANDROID-353300067817459' production_time='2017-05-07T20:27:17.567Z' relation='p-p' type='a-f-G-U-C' parent_callsign='ADS-B'/><tadilj tadilj=''/><tadilj tadilj=''/><color argb='-1'/><precisionlocation geopointsrc='???' altsrc='???'/><_flow-tags_ demo1='2017-05-07T20:35:07Z'/></detail>,201705071635
39656976,16,a-n-A-C-F-m,m-g,<detail><status readiness='true'/><contact callsign='N352VJ'/><link uid='ANDROID-353300067817459' production_time='2017-05-07T20:27:17.567Z' relation='p-p' type='a-f-G-U-C' parent_callsign='ADS-B'/><tadilj tadilj=''/><tadilj tadilj=''/><color argb='-1'/><precisionlocation geopointsrc='???' altsrc='???'/><_flow-tags_ demo1='2017-05-07T20:35:07Z'/></detail>,201705071635
39656977,29,a-n-A-C-F-m,m-g,<detail><status readiness='true'/><contact callsign='AAL769'/><link uid='ANDROID-353300067817459' production_time='2017-05-07T20:29:45.324Z' relation='p-p' type='a-f-G-U-C' parent_callsign='ADS-B'/><tadilj tadilj=''/><tadilj tadilj=''/><color argb='-1'/><precisionlocation geopointsrc='???' altsrc='???'/><_flow-tags_ demo1='2017-05-07T20:35:07Z'/></detail>,201705071635
39656978,29,a-n-A-C-F-m,m-g,<detail><status readiness='true'/><contact callsign='AAL769'/><link uid='ANDROID-353300067817459' production_time='2017-05-07T20:29:45.324Z' relation='p-p' type='a-f-G-U-C' parent_callsign='ADS-B'/><tadilj tadilj=''/><tadilj tadilj=''/><color argb='-1'/><precisionlocation geopointsrc='???' altsrc='???'/><_flow-tags_ demo1='2017-05-07T20:35:07Z'/></detail>,201705071635
39656979,16,a-n-A-C-F-m,m-g,<detail><status readiness='true'/><contact callsign='N352VJ'/><link uid='ANDROID-353300067817459' production_time='2017-05-07T20:27:17.567Z' relation='p-p' type='a-f-G-U-C' parent_callsign='ADS-B'/><tadilj tadilj=''/><tadilj tadilj=''/><color argb='-1'/><precisionlocation geopointsrc='???' altsrc='???'/><_flow-tags_ demo1='2017-05-07T20:35:07Z'/></detail>,201705071635
39656980,30,a-n-A-C-F,m-g,"<detail><track speed='234.072202' course='234'/><contact callsign='RAM200'/><remarks>Royal Air Maroc (Morocco); Route: GMMN-KJFK; Mohammed V Intl, Morocco, John F Kennedy Intl, United States; </remarks><_flow-tags_ demo1='2017-05-07T20:35:07Z'/></detail>",201705071635
39656981,29,a-n-A-C-F-m,m-g,<detail><status readiness='true'/><contact callsign='AAL769'/><link uid='ANDROID-353300067817459' production_time='2017-05-07T20:29:45.324Z' relation='p-p' type='a-f-G-U-C' parent_callsign='ADS-B'/><tadilj tadilj=''/><tadilj tadilj=''/><color argb='-1'/><precisionlocation geopointsrc='???' altsrc='???'/><_flow-tags_ demo1='2017-05-07T20:35:07Z'/></detail>,201705071635
39656982,53,a-n-A-C-F-m,m-g,<detail><status readiness='true'/><contact callsign='NKS306'/><link uid='ANDROID-353300067817459' production_time='2017-05-07T20:32:30.642Z' relation='p-p' type='a-f-G-U-C' parent_callsign='ADS-B'/><tadilj tadilj=''/><tadilj tadilj=''/><color argb='-1'/><precisionlocation geopointsrc='???' altsrc='???'/><_flow-tags_ demo1='2017-05-07T20:35:07Z'/></detail>,201705071635
39656983,67,a-n-A-C-F-m,m-g,<detail><status readiness='true'/><contact callsign='UAL1628'/><link uid='ANDROID-353300067817459' production_time='2017-05-07T20:34:09.976Z' relation='p-p' type='a-f-G-U-C' parent_callsign='ADS-B'/><tadilj tadilj=''/><tadilj tadilj=''/><color argb='-1'/><precisionlocation geopointsrc='???' altsrc='???'/><_flow-tags_ demo1='2017-05-07T20:35:07Z'/></detail>,201705071635
39656984,53,a-n-A-C-F-m,m-g,<detail><status readiness='true'/><contact callsign='NKS306'/><link uid='ANDROID-353300067817459' production_time='2017-05-07T20:32:30.642Z' relation='p-p' type='a-f-G-U-C' parent_callsign='ADS-B'/><tadilj tadilj=''/><tadilj tadilj=''/><color argb='-1'/><precisionlocation geopointsrc='???' altsrc='???'/><_flow-tags_ demo1='2017-05-07T20:35:07Z'/></detail>,201705071635
39656985,53,a-n-A-C-F-m,m-g,<detail><status readiness='true'/><contact callsign='NKS306'/><link uid='ANDROID-353300067817459' production_time='2017-05-07T20:32:30.642Z' relation='p-p' type='a-f-G-U-C' parent_callsign='ADS-B'/><tadilj tadilj=''/><tadilj tadilj=''/><color argb='-1'/><precisionlocation geopointsrc='???' altsrc='???'/><_flow-tags_ demo1='2017-05-07T20:35:07Z'/></detail>,201705071635
39656986,16,a-n-A-C-F-m,m-g,<detail><status readiness='true'/><contact callsign='N352VJ'/><link uid='ANDROID-353300067817459' production_time='2017-05-07T20:27:17.567Z' relation='p-p' type='a-f-G-U-C' parent_callsign='ADS-B'/><tadilj tadilj=''/><tadilj tadilj=''/><color argb='-1'/><precisionlocation geopointsrc='???' altsrc='???'/><_flow-tags_ demo1='2017-05-07T20:35:07Z'/></detail>,201705071635
39656987,30,a-n-A-C-F,m-g,"<detail><track speed='233.5577576' course='233'/><contact callsign='RAM200'/><remarks>Royal Air Maroc (Morocco); Route: GMMN-KJFK; Mohammed V Intl, Morocco, John F Kennedy Intl, United States; </remarks><_flow-tags_ demo1='2017-05-07T20:35:07Z'/></detail>",201705071635
39656988,51,a-n-A-C-F-m,m-g,<detail><status readiness='true'/><contact callsign='GAJ873'/><link uid='ANDROID-353300067817459' production_time='2017-05-07T20:16:53.869Z' relation='p-p' type='a-f-G-U-C' parent_callsign='ADS-B'/><tadilj tadilj=''/><tadilj tadilj=''/><color argb='-1'/><precisionlocation geopointsrc='???' altsrc='???'/><_flow-tags_ demo1='2017-05-07T20:35:07Z'/></detail>,201705071635
39656989,16,a-n-A-C-F-m,m-g,<detail><status readiness='true'/><contact callsign='N352VJ'/><link uid='ANDROID-353300067817459' production_time='2017-05-07T20:27:17.567Z' relation='p-p' type='a-f-G-U-C' parent_callsign='ADS-B'/><tadilj tadilj=''/><tadilj tadilj=''/><color argb='-1'/><precisionlocation geopointsrc='???' altsrc='???'/><_flow-tags_ demo1='2017-05-07T20:35:07Z'/></detail>,201705071635
39656990,29,a-n-A-C-F-m,m-g,<detail><status readiness='true'/><contact callsign='AAL769'/><link uid='ANDROID-353300067817459' production_time='2017-05-07T20:29:45.324Z' relation='p-p' type='a-f-G-U-C' parent_callsign='ADS-B'/><tadilj tadilj=''/><tadilj tadilj=''/><color argb='-1'/><precisionlocation geopointsrc='???' altsrc='???'/><_flow-tags_ demo1='2017-05-07T20:35:08Z'/></detail>,201705071635
39656991,53,a-n-A-C-F-m,m-g,<detail><status readiness='true'/><contact callsign='NKS306'/><link uid='ANDROID-353300067817459' production_time='2017-05-07T20:32:30.642Z' relation='p-p' type='a-f-G-U-C' parent_callsign='ADS-B'/><tadilj tadilj=''/><tadilj tadilj=''/><color argb='-1'/><precisionlocation geopointsrc='???' altsrc='???'/><_flow-tags_ demo1='2017-05-07T20:35:08Z'/></detail>,201705071635
39656992,67,a-n-A-C-F-m,m-g,<detail><status readiness='true'/><contact callsign='UAL1628'/><link uid='ANDROID-353300067817459' production_time='2017-05-07T20:34:09.976Z' relation='p-p' type='a-f-G-U-C' parent_callsign='ADS-B'/><tadilj tadilj=''/><tadilj tadilj=''/><color argb='-1'/><precisionlocation geopointsrc='???' altsrc='???'/><_flow-tags_ demo1='2017-05-07T20:35:08Z'/></detail>,201705071635
39656993,53,a-n-A-C-F-m,m-g,<detail><status readiness='true'/><contact callsign='NKS306'/><link uid='ANDROID-353300067817459' production_time='2017-05-07T20:32:30.642Z' relation='p-p' type='a-f-G-U-C' parent_callsign='ADS-B'/><tadilj tadilj=''/><tadilj tadilj=''/><color argb='-1'/><precisionlocation geopointsrc='???' altsrc='???'/><_flow-tags_ demo1='2017-05-07T20:35:08Z'/></detail>,201705071635
39656994,67,a-n-A-C-F-m,m-g,<detail><status readiness='true'/><contact callsign='UAL1628'/><link uid='ANDROID-353300067817459' production_time='2017-05-07T20:34:09.976Z' relation='p-p' type='a-f-G-U-C' parent_callsign='ADS-B'/><tadilj tadilj=''/><tadilj tadilj=''/><color argb='-1'/><precisionlocation geopointsrc='???' altsrc='???'/><_flow-tags_ demo1='2017-05-07T20:35:08Z'/></detail>,201705071635
39656995,53,a-n-A-C-F-m,m-g,<detail><status readiness='true'/><contact callsign='NKS306'/><link uid='ANDROID-353300067817459' production_time='2017-05-07T20:32:30.642Z' relation='p-p' type='a-f-G-U-C' parent_callsign='ADS-B'/><tadilj tadilj=''/><tadilj tadilj=''/><color argb='-1'/><precisionlocation geopointsrc='???' altsrc='???'/><_flow-tags_ demo1='2017-05-07T20:35:08Z'/></detail>,201705071635
39656996,53,a-n-A-C-F-m,m-g,<detail><status readiness='true'/><contact callsign='NKS306'/><link uid='ANDROID-353300067817459' production_time='2017-05-07T20:32:30.642Z' relation='p-p' type='a-f-G-U-C' parent_callsign='ADS-B'/><tadilj tadilj=''/><tadilj tadilj=''/><color argb='-1'/><precisionlocation geopointsrc='???' altsrc='???'/><_flow-tags_ demo1='2017-05-07T20:35:08Z'/></detail>,201705071635
39656997,29,a-n-A-C-F-m,m-g,<detail><status readiness='true'/><contact callsign='AAL769'/><link uid='ANDROID-353300067817459' production_time='2017-05-07T20:29:45.324Z' relation='p-p' type='a-f-G-U-C' parent_callsign='ADS-B'/><tadilj tadilj=''/><tadilj tadilj=''/><color argb='-1'/><precisionlocation geopointsrc='???' altsrc='???'/><_flow-tags_ demo1='2017-05-07T20:35:08Z'/></detail>,201705071635
39656998,53,a-n-A-C-F-m,m-g,<detail><status readiness='true'/><contact callsign='NKS306'/><link uid='ANDROID-353300067817459' production_time='2017-05-07T20:32:30.642Z' relation='p-p' type='a-f-G-U-C' parent_callsign='ADS-B'/><tadilj tadilj=''/><tadilj tadilj=''/><color argb='-1'/><precisionlocation geopointsrc='???' altsrc='???'/><_flow-tags_ demo1='2017-05-07T20:35:08Z'/></detail>,201705071635
39656999,29,a-n-A-C-F-m,m-g,<detail><status readiness='true'/><contact callsign='AAL769'/><link uid='ANDROID-353300067817459' production_time='2017-05-07T20:29:45.324Z' relation='p-p' type='a-f-G-U-C' parent_callsign='ADS-B'/><tadilj tadilj=''/><tadilj tadilj=''/><color argb='-1'/><precisionlocation geopointsrc='???' altsrc='???'/><_flow-tags_ demo1='2017-05-07T20:35:08Z'/></detail>,201705071635
39657000,53,a-n-A-C-F-m,m-g,<detail><status readiness='true'/><contact callsign='NKS306'/><link uid='ANDROID-353300067817459' production_time='2017-05-07T20:32:30.642Z' relation='p-p' type='a-f-G-U-C' parent_callsign='ADS-B'/><tadilj tadilj=''/><tadilj tadilj=''/><color argb='-1'/><precisionlocation geopointsrc='???' altsrc='???'/><_flow-tags_ demo1='2017-05-07T20:35:08Z'/></detail>,201705071635
39657001,53,a-n-A-C-F-m,m-g,<detail><status readiness='true'/><contact callsign='NKS306'/><link uid='ANDROID-353300067817459' production_time='2017-05-07T20:32:30.642Z' relation='p-p' type='a-f-G-U-C' parent_callsign='ADS-B'/><tadilj tadilj=''/><tadilj tadilj=''/><color argb='-1'/><precisionlocation geopointsrc='???' altsrc='???'/><_flow-tags_ demo1='2017-05-07T20:35:09Z'/></detail>,201705071635
39657003,53,a-n-A-C-F-m,m-g,<detail><status readiness='true'/><contact callsign='NKS306'/><link uid='ANDROID-353300067817459' production_time='2017-05-07T20:32:30.642Z' relation='p-p' type='a-f-G-U-C' parent_callsign='ADS-B'/><tadilj tadilj=''/><tadilj tadilj=''/><color argb='-1'/><precisionlocation geopointsrc='???' altsrc='???'/><_flow-tags_ demo1='2017-05-07T20:35:09Z'/></detail>,201705071635
39657004,16,a-n-A-C-F-m,m-g,<detail><status readiness='true'/><contact callsign='N352VJ'/><link uid='ANDROID-353300067817459' production_time='2017-05-07T20:27:17.567Z' relation='p-p' type='a-f-G-U-C' parent_callsign='ADS-B'/><tadilj tadilj=''/><tadilj tadilj=''/><color argb='-1'/><precisionlocation geopointsrc='???' altsrc='???'/><_flow-tags_ demo1='2017-05-07T20:35:09Z'/></detail>,201705071635
39657005,29,a-n-A-C-F-m,m-g,<detail><status readiness='true'/><contact callsign='AAL769'/><link uid='ANDROID-353300067817459' production_time='2017-05-07T20:29:45.324Z' relation='p-p' type='a-f-G-U-C' parent_callsign='ADS-B'/><tadilj tadilj=''/><tadilj tadilj=''/><color argb='-1'/><precisionlocation geopointsrc='???' altsrc='???'/><_flow-tags_ demo1='2017-05-07T20:35:09Z'/></detail>,201705071635
39657006,53,a-n-A-C-F-m,m-g,<detail><status readiness='true'/><contact callsign='NKS306'/><link uid='ANDROID-353300067817459' production_time='2017-05-07T20:32:30.642Z' relation='p-p' type='a-f-G-U-C' parent_callsign='ADS-B'/><tadilj tadilj=''/><tadilj tadilj=''/><color argb='-1'/><precisionlocation geopointsrc='???' altsrc='???'/><_flow-tags_ demo1='2017-05-07T20:35:09Z'/></detail>,201705071635
39657007,67,a-n-A-C-F-m,m-g,<detail><status readiness='true'/><contact callsign='UAL1628'/><link uid='ANDROID-353300067817459' production_time='2017-05-07T20:34:09.976Z' relation='p-p' type='a-f-G-U-C' parent_callsign='ADS-B'/><tadilj tadilj=''/><tadilj tadilj=''/><color argb='-1'/><precisionlocation geopointsrc='???' altsrc='???'/><_flow-tags_ demo1='2017-05-07T20:35:09Z'/></detail>,201705071635
39657008,53,a-n-A-C-F-m,m-g,<detail><status readiness='true'/><contact callsign='NKS306'/><link uid='ANDROID-353300067817459' production_time='2017-05-07T20:32:30.642Z' relation='p-p' type='a-f-G-U-C' parent_callsign='ADS-B'/><tadilj tadilj=''/><tadilj tadilj=''/><color argb='-1'/><precisionlocation geopointsrc='???' altsrc='???'/><_flow-tags_ demo1='2017-05-07T20:35:09Z'/></detail>,201705071635
39657009,67,a-n-A-C-F-m,m-g,<detail><status readiness='true'/><contact callsign='UAL1628'/><link uid='ANDROID-353300067817459' production_time='2017-05-07T20:34:09.976Z' relation='p-p' type='a-f-G-U-C' parent_callsign='ADS-B'/><tadilj tadilj=''/><tadilj tadilj=''/><color argb='-1'/><precisionlocation geopointsrc='???' altsrc='???'/><_flow-tags_ demo1='2017-05-07T20:35:09Z'/></detail>,201705071635
39657010,53,a-n-A-C-F-m,m-g,<detail><status readiness='true'/><contact callsign='NKS306'/><link uid='ANDROID-353300067817459' production_time='2017-05-07T20:32:30.642Z' relation='p-p' type='a-f-G-U-C' parent_callsign='ADS-B'/><tadilj tadilj=''/><tadilj tadilj=''/><color argb='-1'/><precisionlocation geopointsrc='???' altsrc='???'/><_flow-tags_ demo1='2017-05-07T20:35:09Z'/></detail>,201705071635
39657011,53,a-n-A-C-F-m,m-g,<detail><status readiness='true'/><contact callsign='NKS306'/><link uid='ANDROID-353300067817459' production_time='2017-05-07T20:32:30.642Z' relation='p-p' type='a-f-G-U-C' parent_callsign='ADS-B'/><tadilj tadilj=''/><tadilj tadilj=''/><color argb='-1'/><precisionlocation geopointsrc='???' altsrc='???'/><_flow-tags_ demo1='2017-05-07T20:35:09Z'/></detail>,201705071635
39657012,53,a-n-A-C-F-m,m-g,<detail><status readiness='true'/><contact callsign='NKS306'/><link uid='ANDROID-353300067817459' production_time='2017-05-07T20:32:30.642Z' relation='p-p' type='a-f-G-U-C' parent_callsign='ADS-B'/><tadilj tadilj=''/><tadilj tadilj=''/><color argb='-1'/><precisionlocation geopointsrc='???' altsrc='???'/><_flow-tags_ demo1='2017-05-07T20:35:09Z'/></detail>,201705071635
39657013,67,a-n-A-C-F-m,m-g,<detail><status readiness='true'/><contact callsign='UAL1628'/><link uid='ANDROID-353300067817459' production_time='2017-05-07T20:34:09.976Z' relation='p-p' type='a-f-G-U-C' parent_callsign='ADS-B'/><tadilj tadilj=''/><tadilj tadilj=''/><color argb='-1'/><precisionlocation geopointsrc='???' altsrc='???'/><_flow-tags_ demo1='2017-05-07T20:35:09Z'/></detail>,201705071635
39657014,67,a-n-A-C-F-m,m-g,<detail><status readiness='true'/><contact callsign='UAL1628'/><link uid='ANDROID-353300067817459' production_time='2017-05-07T20:34:09.976Z' relation='p-p' type='a-f-G-U-C' parent_callsign='ADS-B'/><tadilj tadilj=''/><tadilj tadilj=''/><color argb='-1'/><precisionlocation geopointsrc='???' altsrc='???'/><_flow-tags_ demo1='2017-05-07T20:35:09Z'/></detail>,201705071635
39657015,16,a-n-A-C-F-m,m-g,<detail><status readiness='true'/><contact callsign='N352VJ'/><link uid='ANDROID-353300067817459' production_time='2017-05-07T20:27:17.567Z' relation='p-p' type='a-f-G-U-C' parent_callsign='ADS-B'/><tadilj tadilj=''/><tadilj tadilj=''/><color argb='-1'/><precisionlocation geopointsrc='???' altsrc='???'/><_flow-tags_ demo1='2017-05-07T20:35:09Z'/></detail>,201705071635
39657016,67,a-n-A-C-F-m,m-g,<detail><status readiness='true'/><contact callsign='UAL1628'/><link uid='ANDROID-353300067817459' production_time='2017-05-07T20:34:09.976Z' relation='p-p' type='a-f-G-U-C' parent_callsign='ADS-B'/><tadilj tadilj=''/><tadilj tadilj=''/><color argb='-1'/><precisionlocation geopointsrc='???' altsrc='???'/><_flow-tags_ demo1='2017-05-07T20:35:09Z'/></detail>,201705071635
39657017,67,a-n-A-C-F-m,m-g,<detail><status readiness='true'/><contact callsign='UAL1628'/><link uid='ANDROID-353300067817459' production_time='2017-05-07T20:34:09.976Z' relation='p-p' type='a-f-G-U-C' parent_callsign='ADS-B'/><tadilj tadilj=''/><tadilj tadilj=''/><color argb='-1'/><precisionlocation geopointsrc='???' altsrc='???'/><_flow-tags_ demo1='2017-05-07T20:35:09Z'/></detail>,201705071635
39657018,53,a-n-A-C-F-m,m-g,<detail><status readiness='true'/><contact callsign='NKS306'/><link uid='ANDROID-353300067817459' production_time='2017-05-07T20:32:30.642Z' relation='p-p' type='a-f-G-U-C' parent_callsign='ADS-B'/><tadilj tadilj=''/><tadilj tadilj=''/><color argb='-1'/><precisionlocation geopointsrc='???' altsrc='???'/><_flow-tags_ demo1='2017-05-07T20:35:09Z'/></detail>,201705071635
39657019,53,a-n-A-C-F-m,m-g,<detail><status readiness='true'/><contact callsign='NKS306'/><link uid='ANDROID-353300067817459' production_time='2017-05-07T20:32:30.642Z' relation='p-p' type='a-f-G-U-C' parent_callsign='ADS-B'/><tadilj tadilj=''/><tadilj tadilj=''/><color argb='-1'/><precisionlocation geopointsrc='???' altsrc='???'/><_flow-tags_ demo1='2017-05-07T20:35:09Z'/></detail>,201705071635
39657020,67,a-n-A-C-F-m,m-g,<detail><status readiness='true'/><contact callsign='UAL1628'/><link uid='ANDROID-353300067817459' production_time='2017-05-07T20:34:09.976Z' relation='p-p' type='a-f-G-U-C' parent_callsign='ADS-B'/><tadilj tadilj=''/><tadilj tadilj=''/><color argb='-1'/><precisionlocation geopointsrc='???' altsrc='???'/><_flow-tags_ demo1='2017-05-07T20:35:09Z'/></detail>,201705071635
39657021,29,a-n-A-C-F-m,m-g,<detail><status readiness='true'/><contact callsign='AAL769'/><link uid='ANDROID-353300067817459' production_time='2017-05-07T20:29:45.324Z' relation='p-p' type='a-f-G-U-C' parent_callsign='ADS-B'/><tadilj tadilj=''/><tadilj tadilj=''/><color argb='-1'/><precisionlocation geopointsrc='???' altsrc='???'/><_flow-tags_ demo1='2017-05-07T20:35:10Z'/></detail>,201705071635
39657022,29,a-n-A-C-F-m,m-g,<detail><status readiness='true'/><contact callsign='AAL769'/><link uid='ANDROID-353300067817459' production_time='2017-05-07T20:29:45.324Z' relation='p-p' type='a-f-G-U-C' parent_callsign='ADS-B'/><tadilj tadilj=''/><tadilj tadilj=''/><color argb='-1'/><precisionlocation geopointsrc='???' altsrc='???'/><_flow-tags_ demo1='2017-05-07T20:35:10Z'/></detail>,201705071635
39657023,53,a-n-A-C-F-m,m-g,<detail><status readiness='true'/><contact callsign='NKS306'/><link uid='ANDROID-353300067817459' production_time='2017-05-07T20:32:30.642Z' relation='p-p' type='a-f-G-U-C' parent_callsign='ADS-B'/><tadilj tadilj=''/><tadilj tadilj=''/><color argb='-1'/><precisionlocation geopointsrc='???' altsrc='???'/><_flow-tags_ demo1='2017-05-07T20:35:10Z'/></detail>,201705071635
39657024,67,a-n-A-C-F-m,m-g,<detail><status readiness='true'/><contact callsign='UAL1628'/><link uid='ANDROID-353300067817459' production_time='2017-05-07T20:34:09.976Z' relation='p-p' type='a-f-G-U-C' parent_callsign='ADS-B'/><tadilj tadilj=''/><tadilj tadilj=''/><color argb='-1'/><precisionlocation geopointsrc='???' altsrc='???'/><_flow-tags_ demo1='2017-05-07T20:35:10Z'/></detail>,201705071635
39657025,16,a-n-A-C-F-m,m-g,<detail><status readiness='true'/><contact callsign='N352VJ'/><link uid='ANDROID-353300067817459' production_time='2017-05-07T20:27:17.567Z' relation='p-p' type='a-f-G-U-C' parent_callsign='ADS-B'/><tadilj tadilj=''/><tadilj tadilj=''/><color argb='-1'/><precisionlocation geopointsrc='???' altsrc='???'/><_flow-tags_ demo1='2017-05-07T20:35:10Z'/></detail>,201705071635
39657026,53,a-n-A-C-F-m,m-g,<detail><status readiness='true'/><contact callsign='NKS306'/><link uid='ANDROID-353300067817459' production_time='2017-05-07T20:32:30.642Z' relation='p-p' type='a-f-G-U-C' parent_callsign='ADS-B'/><tadilj tadilj=''/><tadilj tadilj=''/><color argb='-1'/><precisionlocation geopointsrc='???' altsrc='???'/><_flow-tags_ demo1='2017-05-07T20:35:10Z'/></detail>,201705071635
39657027,29,a-n-A-C-F-m,m-g,<detail><status readiness='true'/><contact callsign='AAL769'/><link uid='ANDROID-353300067817459' production_time='2017-05-07T20:29:45.324Z' relation='p-p' type='a-f-G-U-C' parent_callsign='ADS-B'/><tadilj tadilj=''/><tadilj tadilj=''/><color argb='-1'/><precisionlocation geopointsrc='???' altsrc='???'/><_flow-tags_ demo1='2017-05-07T20:35:10Z'/></detail>,201705071635
39657028,16,a-n-A-C-F-m,m-g,<detail><status readiness='true'/><contact callsign='N352VJ'/><link uid='ANDROID-353300067817459' production_time='2017-05-07T20:27:17.567Z' relation='p-p' type='a-f-G-U-C' parent_callsign='ADS-B'/><tadilj tadilj=''/><tadilj tadilj=''/><color argb='-1'/><precisionlocation geopointsrc='???' altsrc='???'/><_flow-tags_ demo1='2017-05-07T20:35:10Z'/></detail>,201705071635
39657029,53,a-n-A-C-F-m,m-g,<detail><status readiness='true'/><contact callsign='NKS306'/><link uid='ANDROID-353300067817459' production_time='2017-05-07T20:32:30.642Z' relation='p-p' type='a-f-G-U-C' parent_callsign='ADS-B'/><tadilj tadilj=''/><tadilj tadilj=''/><color argb='-1'/><precisionlocation geopointsrc='???' altsrc='???'/><_flow-tags_ demo1='2017-05-07T20:35:10Z'/></detail>,201705071635
39657030,53,a-n-A-C-F-m,m-g,<detail><status readiness='true'/><contact callsign='NKS306'/><link uid='ANDROID-353300067817459' production_time='2017-05-07T20:32:30.642Z' relation='p-p' type='a-f-G-U-C' parent_callsign='ADS-B'/><tadilj tadilj=''/><tadilj tadilj=''/><color argb='-1'/><precisionlocation geopointsrc='???' altsrc='???'/><_flow-tags_ demo1='2017-05-07T20:35:10Z'/></detail>,201705071635
39657031,53,a-n-A-C-F-m,m-g,<detail><status readiness='true'/><contact callsign='NKS306'/><link uid='ANDROID-353300067817459' production_time='2017-05-07T20:32:30.642Z' relation='p-p' type='a-f-G-U-C' parent_callsign='ADS-B'/><tadilj tadilj=''/><tadilj tadilj=''/><color argb='-1'/><precisionlocation geopointsrc='???' altsrc='???'/><_flow-tags_ demo1='2017-05-07T20:35:10Z'/></detail>,201705071635
39657032,67,a-n-A-C-F-m,m-g,<detail><status readiness='true'/><contact callsign='UAL1628'/><link uid='ANDROID-353300067817459' production_time='2017-05-07T20:34:09.976Z' relation='p-p' type='a-f-G-U-C' parent_callsign='ADS-B'/><tadilj tadilj=''/><tadilj tadilj=''/><color argb='-1'/><precisionlocation geopointsrc='???' altsrc='???'/><_flow-tags_ demo1='2017-05-07T20:35:10Z'/></detail>,201705071635
39657033,28,a-n-A-C-F-m,m-g,<detail><status readiness='true'/><contact callsign='AAL1037'/><link uid='ANDROID-353300067817459' production_time='2017-05-07T20:31:18.459Z' relation='p-p' type='a-f-G-U-C' parent_callsign='ADS-B'/><tadilj tadilj=''/><tadilj tadilj=''/><color argb='-1'/><precisionlocation geopointsrc='???' altsrc='???'/><_flow-tags_ demo1='2017-05-07T20:35:10Z'/></detail>,201705071635
39657034,53,a-n-A-C-F-m,m-g,<detail><status readiness='true'/><contact callsign='NKS306'/><link uid='ANDROID-353300067817459' production_time='2017-05-07T20:32:30.642Z' relation='p-p' type='a-f-G-U-C' parent_callsign='ADS-B'/><tadilj tadilj=''/><tadilj tadilj=''/><color argb='-1'/><precisionlocation geopointsrc='???' altsrc='???'/><_flow-tags_ demo1='2017-05-07T20:35:10Z'/></detail>,201705071635
39657035,28,a-n-A-C-F-m,m-g,<detail><status readiness='true'/><contact callsign='AAL1037'/><link uid='ANDROID-353300067817459' production_time='2017-05-07T20:31:18.459Z' relation='p-p' type='a-f-G-U-C' parent_callsign='ADS-B'/><tadilj tadilj=''/><tadilj tadilj=''/><color argb='-1'/><precisionlocation geopointsrc='???' altsrc='???'/><_flow-tags_ demo1='2017-05-07T20:35:10Z'/></detail>,201705071635
39657036,53,a-n-A-C-F-m,m-g,<detail><status readiness='true'/><contact callsign='NKS306'/><link uid='ANDROID-353300067817459' production_time='2017-05-07T20:32:30.642Z' relation='p-p' type='a-f-G-U-C' parent_callsign='ADS-B'/><tadilj tadilj=''/><tadilj tadilj=''/><color argb='-1'/><precisionlocation geopointsrc='???' altsrc='???'/><_flow-tags_ demo1='2017-05-07T20:35:10Z'/></detail>,201705071635
39657037,16,a-n-A-C-F-m,m-g,<detail><status readiness='true'/><contact callsign='N352VJ'/><link uid='ANDROID-353300067817459' production_time='2017-05-07T20:27:17.567Z' relation='p-p' type='a-f-G-U-C' parent_callsign='ADS-B'/><tadilj tadilj=''/><tadilj tadilj=''/><color argb='-1'/><precisionlocation geopointsrc='???' altsrc='???'/><_flow-tags_ demo1='2017-05-07T20:35:11Z'/></detail>,201705071635
39657038,67,a-n-A-C-F-m,m-g,<detail><status readiness='true'/><contact callsign='UAL1628'/><link uid='ANDROID-353300067817459' production_time='2017-05-07T20:34:09.976Z' relation='p-p' type='a-f-G-U-C' parent_callsign='ADS-B'/><tadilj tadilj=''/><tadilj tadilj=''/><color argb='-1'/><precisionlocation geopointsrc='???' altsrc='???'/><_flow-tags_ demo1='2017-05-07T20:35:11Z'/></detail>,201705071635
39657039,29,a-n-A-C-F-m,m-g,<detail><status readiness='true'/><contact callsign='AAL769'/><link uid='ANDROID-353300067817459' production_time='2017-05-07T20:29:45.324Z' relation='p-p' type='a-f-G-U-C' parent_callsign='ADS-B'/><tadilj tadilj=''/><tadilj tadilj=''/><color argb='-1'/><precisionlocation geopointsrc='???' altsrc='???'/><_flow-tags_ demo1='2017-05-07T20:35:11Z'/></detail>,201705071635
39657040,67,a-n-A-C-F-m,m-g,<detail><status readiness='true'/><contact callsign='UAL1628'/><link uid='ANDROID-353300067817459' production_time='2017-05-07T20:34:09.976Z' relation='p-p' type='a-f-G-U-C' parent_callsign='ADS-B'/><tadilj tadilj=''/><tadilj tadilj=''/><color argb='-1'/><precisionlocation geopointsrc='???' altsrc='???'/><_flow-tags_ demo1='2017-05-07T20:35:11Z'/></detail>,201705071635
39657041,16,a-n-A-C-F-m,m-g,<detail><status readiness='true'/><contact callsign='N352VJ'/><link uid='ANDROID-353300067817459' production_time='2017-05-07T20:27:17.567Z' relation='p-p' type='a-f-G-U-C' parent_callsign='ADS-B'/><tadilj tadilj=''/><tadilj tadilj=''/><color argb='-1'/><precisionlocation geopointsrc='???' altsrc='???'/><_flow-tags_ demo1='2017-05-07T20:35:11Z'/></detail>,201705071635
39657042,53,a-n-A-C-F-m,m-g,<detail><status readiness='true'/><contact callsign='NKS306'/><link uid='ANDROID-353300067817459' production_time='2017-05-07T20:32:30.642Z' relation='p-p' type='a-f-G-U-C' parent_callsign='ADS-B'/><tadilj tadilj=''/><tadilj tadilj=''/><color argb='-1'/><precisionlocation geopointsrc='???' altsrc='???'/><_flow-tags_ demo1='2017-05-07T20:35:11Z'/></detail>,201705071635
39657043,53,a-n-A-C-F-m,m-g,<detail><status readiness='true'/><contact callsign='NKS306'/><link uid='ANDROID-353300067817459' production_time='2017-05-07T20:32:30.642Z' relation='p-p' type='a-f-G-U-C' parent_callsign='ADS-B'/><tadilj tadilj=''/><tadilj tadilj=''/><color argb='-1'/><precisionlocation geopointsrc='???' altsrc='???'/><_flow-tags_ demo1='2017-05-07T20:35:11Z'/></detail>,201705071635
39657044,53,a-n-A-C-F-m,m-g,<detail><status readiness='true'/><contact callsign='NKS306'/><link uid='ANDROID-353300067817459' production_time='2017-05-07T20:32:30.642Z' relation='p-p' type='a-f-G-U-C' parent_callsign='ADS-B'/><tadilj tadilj=''/><tadilj tadilj=''/><color argb='-1'/><precisionlocation geopointsrc='???' altsrc='???'/><_flow-tags_ demo1='2017-05-07T20:35:11Z'/></detail>,201705071635
39657045,28,a-n-A-C-F-m,m-g,<detail><status readiness='true'/><contact callsign='AAL1037'/><link uid='ANDROID-353300067817459' production_time='2017-05-07T20:31:18.459Z' relation='p-p' type='a-f-G-U-C' parent_callsign='ADS-B'/><tadilj tadilj=''/><tadilj tadilj=''/><color argb='-1'/><precisionlocation geopointsrc='???' altsrc='???'/><_flow-tags_ demo1='2017-05-07T20:35:11Z'/></detail>,201705071635
39657046,30,a-n-A-C-F,m-g,"<detail><track speed='233.5577576' course='233'/><contact callsign='RAM200'/><remarks>Royal Air Maroc (Morocco); Route: GMMN-KJFK; Mohammed V Intl, Morocco, John F Kennedy Intl, United States; </remarks><_flow-tags_ demo1='2017-05-07T20:35:11Z'/></detail>",201705071635
39657047,16,a-n-A-C-F-m,m-g,<detail><status readiness='true'/><contact callsign='N352VJ'/><link uid='ANDROID-353300067817459' production_time='2017-05-07T20:27:17.567Z' relation='p-p' type='a-f-G-U-C' parent_callsign='ADS-B'/><tadilj tadilj=''/><tadilj tadilj=''/><color argb='-1'/><precisionlocation geopointsrc='???' altsrc='???'/><_flow-tags_ demo1='2017-05-07T20:35:11Z'/></detail>,201705071635
39657048,28,a-n-A-C-F-m,m-g,<detail><status readiness='true'/><contact callsign='AAL1037'/><link uid='ANDROID-353300067817459' production_time='2017-05-07T20:31:18.459Z' relation='p-p' type='a-f-G-U-C' parent_callsign='ADS-B'/><tadilj tadilj=''/><tadilj tadilj=''/><color argb='-1'/><precisionlocation geopointsrc='???' altsrc='???'/><_flow-tags_ demo1='2017-05-07T20:35:11Z'/></detail>,201705071635
39657049,16,a-n-A-C-F-m,m-g,<detail><status readiness='true'/><contact callsign='N352VJ'/><link uid='ANDROID-353300067817459' production_time='2017-05-07T20:27:17.567Z' relation='p-p' type='a-f-G-U-C' parent_callsign='ADS-B'/><tadilj tadilj=''/><tadilj tadilj=''/><color argb='-1'/><precisionlocation geopointsrc='???' altsrc='???'/><_flow-tags_ demo1='2017-05-07T20:35:11Z'/></detail>,201705071635
39657050,67,a-n-A-C-F-m,m-g,<detail><status readiness='true'/><contact callsign='UAL1628'/><link uid='ANDROID-353300067817459' production_time='2017-05-07T20:34:09.976Z' relation='p-p' type='a-f-G-U-C' parent_callsign='ADS-B'/><tadilj tadilj=''/><tadilj tadilj=''/><color argb='-1'/><precisionlocation geopointsrc='???' altsrc='???'/><_flow-tags_ demo1='2017-05-07T20:35:12Z'/></detail>,201705071635
39657051,29,a-n-A-C-F-m,m-g,<detail><status readiness='true'/><contact callsign='AAL769'/><link uid='ANDROID-353300067817459' production_time='2017-05-07T20:29:45.324Z' relation='p-p' type='a-f-G-U-C' parent_callsign='ADS-B'/><tadilj tadilj=''/><tadilj tadilj=''/><color argb='-1'/><precisionlocation geopointsrc='???' altsrc='???'/><_flow-tags_ demo1='2017-05-07T20:35:12Z'/></detail>,201705071635
39657052,53,a-n-A-C-F-m,m-g,<detail><status readiness='true'/><contact callsign='NKS306'/><link uid='ANDROID-353300067817459' production_time='2017-05-07T20:32:30.642Z' relation='p-p' type='a-f-G-U-C' parent_callsign='ADS-B'/><tadilj tadilj=''/><tadilj tadilj=''/><color argb='-1'/><precisionlocation geopointsrc='???' altsrc='???'/><_flow-tags_ demo1='2017-05-07T20:35:12Z'/></detail>,201705071635
39657053,53,a-n-A-C-F-m,m-g,<detail><status readiness='true'/><contact callsign='NKS306'/><link uid='ANDROID-353300067817459' production_time='2017-05-07T20:32:30.642Z' relation='p-p' type='a-f-G-U-C' parent_callsign='ADS-B'/><tadilj tadilj=''/><tadilj tadilj=''/><color argb='-1'/><precisionlocation geopointsrc='???' altsrc='???'/><_flow-tags_ demo1='2017-05-07T20:35:12Z'/></detail>,201705071635
39657054,53,a-n-A-C-F-m,m-g,<detail><status readiness='true'/><contact callsign='NKS306'/><link uid='ANDROID-353300067817459' production_time='2017-05-07T20:32:30.642Z' relation='p-p' type='a-f-G-U-C' parent_callsign='ADS-B'/><tadilj tadilj=''/><tadilj tadilj=''/><color argb='-1'/><precisionlocation geopointsrc='???' altsrc='???'/><_flow-tags_ demo1='2017-05-07T20:35:12Z'/></detail>,201705071635
39657055,29,a-n-A-C-F-m,m-g,<detail><status readiness='true'/><contact callsign='AAL769'/><link uid='ANDROID-353300067817459' production_time='2017-05-07T20:29:45.324Z' relation='p-p' type='a-f-G-U-C' parent_callsign='ADS-B'/><tadilj tadilj=''/><tadilj tadilj=''/><color argb='-1'/><precisionlocation geopointsrc='???' altsrc='???'/><_flow-tags_ demo1='2017-05-07T20:35:12Z'/></detail>,201705071635
39657056,53,a-n-A-C-F-m,m-g,<detail><status readiness='true'/><contact callsign='NKS306'/><link uid='ANDROID-353300067817459' production_time='2017-05-07T20:32:30.642Z' relation='p-p' type='a-f-G-U-C' parent_callsign='ADS-B'/><tadilj tadilj=''/><tadilj tadilj=''/><color argb='-1'/><precisionlocation geopointsrc='???' altsrc='???'/><_flow-tags_ demo1='2017-05-07T20:35:12Z'/></detail>,201705071635
39657057,53,a-n-A-C-F-m,m-g,<detail><status readiness='true'/><contact callsign='NKS306'/><link uid='ANDROID-353300067817459' production_time='2017-05-07T20:32:30.642Z' relation='p-p' type='a-f-G-U-C' parent_callsign='ADS-B'/><tadilj tadilj=''/><tadilj tadilj=''/><color argb='-1'/><precisionlocation geopointsrc='???' altsrc='???'/><_flow-tags_ demo1='2017-05-07T20:35:12Z'/></detail>,201705071635
39657058,53,a-n-A-C-F-m,m-g,<detail><status readiness='true'/><contact callsign='NKS306'/><link uid='ANDROID-353300067817459' production_time='2017-05-07T20:32:30.642Z' relation='p-p' type='a-f-G-U-C' parent_callsign='ADS-B'/><tadilj tadilj=''/><tadilj tadilj=''/><color argb='-1'/><precisionlocation geopointsrc='???' altsrc='???'/><_flow-tags_ demo1='2017-05-07T20:35:12Z'/></detail>,201705071635
39657059,29,a-n-A-C-F-m,m-g,<detail><status readiness='true'/><contact callsign='AAL769'/><link uid='ANDROID-353300067817459' production_time='2017-05-07T20:29:45.324Z' relation='p-p' type='a-f-G-U-C' parent_callsign='ADS-B'/><tadilj tadilj=''/><tadilj tadilj=''/><color argb='-1'/><precisionlocation geopointsrc='???' altsrc='???'/><_flow-tags_ demo1='2017-05-07T20:35:12Z'/></detail>,201705071635
39657060,30,a-n-A-C-F,m-g,"<detail><track speed='233.0433132' course='233'/><contact callsign='RAM200'/><remarks>Royal Air Maroc (Morocco); Route: GMMN-KJFK; Mohammed V Intl, Morocco, John F Kennedy Intl, United States; </remarks><_flow-tags_ demo1='2017-05-07T20:35:12Z'/></detail>",201705071635
39657061,53,a-n-A-C-F-m,m-g,<detail><status readiness='true'/><contact callsign='NKS306'/><link uid='ANDROID-353300067817459' production_time='2017-05-07T20:32:30.642Z' relation='p-p' type='a-f-G-U-C' parent_callsign='ADS-B'/><tadilj tadilj=''/><tadilj tadilj=''/><color argb='-1'/><precisionlocation geopointsrc='???' altsrc='???'/><_flow-tags_ demo1='2017-05-07T20:35:12Z'/></detail>,201705071635
39657062,29,a-n-A-C-F-m,m-g,<detail><status readiness='true'/><contact callsign='AAL769'/><link uid='ANDROID-353300067817459' production_time='2017-05-07T20:29:45.324Z' relation='p-p' type='a-f-G-U-C' parent_callsign='ADS-B'/><tadilj tadilj=''/><tadilj tadilj=''/><color argb='-1'/><precisionlocation geopointsrc='???' altsrc='???'/><_flow-tags_ demo1='2017-05-07T20:35:12Z'/></detail>,201705071635
39657063,29,a-n-A-C-F-m,m-g,<detail><status readiness='true'/><contact callsign='AAL769'/><link uid='ANDROID-353300067817459' production_time='2017-05-07T20:29:45.324Z' relation='p-p' type='a-f-G-U-C' parent_callsign='ADS-B'/><tadilj tadilj=''/><tadilj tadilj=''/><color argb='-1'/><precisionlocation geopointsrc='???' altsrc='???'/><_flow-tags_ demo1='2017-05-07T20:35:12Z'/></detail>,201705071635
39657064,29,a-n-A-C-F-m,m-g,<detail><status readiness='true'/><contact callsign='AAL769'/><link uid='ANDROID-353300067817459' production_time='2017-05-07T20:29:45.324Z' relation='p-p' type='a-f-G-U-C' parent_callsign='ADS-B'/><tadilj tadilj=''/><tadilj tadilj=''/><color argb='-1'/><precisionlocation geopointsrc='???' altsrc='???'/><_flow-tags_ demo1='2017-05-07T20:35:12Z'/></detail>,201705071635
39657065,16,a-n-A-C-F-m,m-g,<detail><status readiness='true'/><contact callsign='N352VJ'/><link uid='ANDROID-353300067817459' production_time='2017-05-07T20:27:17.567Z' relation='p-p' type='a-f-G-U-C' parent_callsign='ADS-B'/><tadilj tadilj=''/><tadilj tadilj=''/><color argb='-1'/><precisionlocation geopointsrc='???' altsrc='???'/><_flow-tags_ demo1='2017-05-07T20:35:12Z'/></detail>,201705071635
39657066,30,a-n-A-C-F,m-g,"<detail><track speed='233.0433132' course='233'/><contact callsign='RAM200'/><remarks>Royal Air Maroc (Morocco); Route: GMMN-KJFK; Mohammed V Intl, Morocco, John F Kennedy Intl, United States; </remarks><_flow-tags_ demo1='2017-05-07T20:35:12Z'/></detail>",201705071635
39657067,16,a-n-A-C-F-m,m-g,<detail><status readiness='true'/><contact callsign='N352VJ'/><link uid='ANDROID-353300067817459' production_time='2017-05-07T20:27:17.567Z' relation='p-p' type='a-f-G-U-C' parent_callsign='ADS-B'/><tadilj tadilj=''/><tadilj tadilj=''/><color argb='-1'/><precisionlocation geopointsrc='???' altsrc='???'/><_flow-tags_ demo1='2017-05-07T20:35:12Z'/></detail>,201705071635
39657068,53,a-n-A-C-F-m,m-g,<detail><status readiness='true'/><contact callsign='NKS306'/><link uid='ANDROID-353300067817459' production_time='2017-05-07T20:32:30.642Z' relation='p-p' type='a-f-G-U-C' parent_callsign='ADS-B'/><tadilj tadilj=''/><tadilj tadilj=''/><color argb='-1'/><precisionlocation geopointsrc='???' altsrc='???'/><_flow-tags_ demo1='2017-05-07T20:35:13Z'/></detail>,201705071635
39657069,53,a-n-A-C-F-m,m-g,<detail><status readiness='true'/><contact callsign='NKS306'/><link uid='ANDROID-353300067817459' production_time='2017-05-07T20:32:30.642Z' relation='p-p' type='a-f-G-U-C' parent_callsign='ADS-B'/><tadilj tadilj=''/><tadilj tadilj=''/><color argb='-1'/><precisionlocation geopointsrc='???' altsrc='???'/><_flow-tags_ demo1='2017-05-07T20:35:13Z'/></detail>,201705071635
39657070,29,a-n-A-C-F-m,m-g,<detail><status readiness='true'/><contact callsign='AAL769'/><link uid='ANDROID-353300067817459' production_time='2017-05-07T20:29:45.324Z' relation='p-p' type='a-f-G-U-C' parent_callsign='ADS-B'/><tadilj tadilj=''/><tadilj tadilj=''/><color argb='-1'/><precisionlocation geopointsrc='???' altsrc='???'/><_flow-tags_ demo1='2017-05-07T20:35:13Z'/></detail>,201705071635
39657071,53,a-n-A-C-F-m,m-g,<detail><status readiness='true'/><contact callsign='NKS306'/><link uid='ANDROID-353300067817459' production_time='2017-05-07T20:32:30.642Z' relation='p-p' type='a-f-G-U-C' parent_callsign='ADS-B'/><tadilj tadilj=''/><tadilj tadilj=''/><color argb='-1'/><precisionlocation geopointsrc='???' altsrc='???'/><_flow-tags_ demo1='2017-05-07T20:35:13Z'/></detail>,201705071635
39657072,53,a-n-A-C-F-m,m-g,<detail><status readiness='true'/><contact callsign='NKS306'/><link uid='ANDROID-353300067817459' production_time='2017-05-07T20:32:30.642Z' relation='p-p' type='a-f-G-U-C' parent_callsign='ADS-B'/><tadilj tadilj=''/><tadilj tadilj=''/><color argb='-1'/><precisionlocation geopointsrc='???' altsrc='???'/><_flow-tags_ demo1='2017-05-07T20:35:13Z'/></detail>,201705071635
39657073,16,a-n-A-C-F-m,m-g,<detail><status readiness='true'/><contact callsign='N352VJ'/><link uid='ANDROID-353300067817459' production_time='2017-05-07T20:27:17.567Z' relation='p-p' type='a-f-G-U-C' parent_callsign='ADS-B'/><tadilj tadilj=''/><tadilj tadilj=''/><color argb='-1'/><precisionlocation geopointsrc='???' altsrc='???'/><_flow-tags_ demo1='2017-05-07T20:35:13Z'/></detail>,201705071635
39657074,67,a-n-A-C-F-m,m-g,<detail><status readiness='true'/><contact callsign='UAL1628'/><link uid='ANDROID-353300067817459' production_time='2017-05-07T20:34:09.976Z' relation='p-p' type='a-f-G-U-C' parent_callsign='ADS-B'/><tadilj tadilj=''/><tadilj tadilj=''/><color argb='-1'/><precisionlocation geopointsrc='???' altsrc='???'/><_flow-tags_ demo1='2017-05-07T20:35:13Z'/></detail>,201705071635
39657075,16,a-n-A-C-F-m,m-g,<detail><status readiness='true'/><contact callsign='N352VJ'/><link uid='ANDROID-353300067817459' production_time='2017-05-07T20:27:17.567Z' relation='p-p' type='a-f-G-U-C' parent_callsign='ADS-B'/><tadilj tadilj=''/><tadilj tadilj=''/><color argb='-1'/><precisionlocation geopointsrc='???' altsrc='???'/><_flow-tags_ demo1='2017-05-07T20:35:14Z'/></detail>,201705071635
39657076,16,a-n-A-C-F-m,m-g,<detail><status readiness='true'/><contact callsign='N352VJ'/><link uid='ANDROID-353300067817459' production_time='2017-05-07T20:27:17.567Z' relation='p-p' type='a-f-G-U-C' parent_callsign='ADS-B'/><tadilj tadilj=''/><tadilj tadilj=''/><color argb='-1'/><precisionlocation geopointsrc='???' altsrc='???'/><_flow-tags_ demo1='2017-05-07T20:35:14Z'/></detail>,201705071635
39657077,16,a-n-A-C-F-m,m-g,<detail><status readiness='true'/><contact callsign='N352VJ'/><link uid='ANDROID-353300067817459' production_time='2017-05-07T20:27:17.567Z' relation='p-p' type='a-f-G-U-C' parent_callsign='ADS-B'/><tadilj tadilj=''/><tadilj tadilj=''/><color argb='-1'/><precisionlocation geopointsrc='???' altsrc='???'/><_flow-tags_ demo1='2017-05-07T20:35:14Z'/></detail>,201705071635
39657078,67,a-n-A-C-F-m,m-g,<detail><status readiness='true'/><contact callsign='UAL1628'/><link uid='ANDROID-353300067817459' production_time='2017-05-07T20:34:09.976Z' relation='p-p' type='a-f-G-U-C' parent_callsign='ADS-B'/><tadilj tadilj=''/><tadilj tadilj=''/><color argb='-1'/><precisionlocation geopointsrc='???' altsrc='???'/><_flow-tags_ demo1='2017-05-07T20:35:14Z'/></detail>,201705071635
39657079,67,a-n-A-C-F-m,m-g,<detail><status readiness='true'/><contact callsign='UAL1628'/><link uid='ANDROID-353300067817459' production_time='2017-05-07T20:34:09.976Z' relation='p-p' type='a-f-G-U-C' parent_callsign='ADS-B'/><tadilj tadilj=''/><tadilj tadilj=''/><color argb='-1'/><precisionlocation geopointsrc='???' altsrc='???'/><_flow-tags_ demo1='2017-05-07T20:35:14Z'/></detail>,201705071635
39657080,29,a-n-A-C-F-m,m-g,<detail><status readiness='true'/><contact callsign='AAL769'/><link uid='ANDROID-353300067817459' production_time='2017-05-07T20:29:45.324Z' relation='p-p' type='a-f-G-U-C' parent_callsign='ADS-B'/><tadilj tadilj=''/><tadilj tadilj=''/><color argb='-1'/><precisionlocation geopointsrc='???' altsrc='???'/><_flow-tags_ demo1='2017-05-07T20:35:14Z'/></detail>,201705071635
39657081,16,a-n-A-C-F-m,m-g,<detail><status readiness='true'/><contact callsign='N352VJ'/><link uid='ANDROID-353300067817459' production_time='2017-05-07T20:27:17.567Z' relation='p-p' type='a-f-G-U-C' parent_callsign='ADS-B'/><tadilj tadilj=''/><tadilj tadilj=''/><color argb='-1'/><precisionlocation geopointsrc='???' altsrc='???'/><_flow-tags_ demo1='2017-05-07T20:35:14Z'/></detail>,201705071635
39657082,67,a-n-A-C-F-m,m-g,<detail><status readiness='true'/><contact callsign='UAL1628'/><link uid='ANDROID-353300067817459' production_time='2017-05-07T20:34:09.976Z' relation='p-p' type='a-f-G-U-C' parent_callsign='ADS-B'/><tadilj tadilj=''/><tadilj tadilj=''/><color argb='-1'/><precisionlocation geopointsrc='???' altsrc='???'/><_flow-tags_ demo1='2017-05-07T20:35:14Z'/></detail>,201705071635
39657083,29,a-n-A-C-F-m,m-g,<detail><status readiness='true'/><contact callsign='AAL769'/><link uid='ANDROID-353300067817459' production_time='2017-05-07T20:29:45.324Z' relation='p-p' type='a-f-G-U-C' parent_callsign='ADS-B'/><tadilj tadilj=''/><tadilj tadilj=''/><color argb='-1'/><precisionlocation geopointsrc='???' altsrc='???'/><_flow-tags_ demo1='2017-05-07T20:35:14Z'/></detail>,201705071635
39657084,29,a-n-A-C-F-m,m-g,<detail><status readiness='true'/><contact callsign='AAL769'/><link uid='ANDROID-353300067817459' production_time='2017-05-07T20:29:45.324Z' relation='p-p' type='a-f-G-U-C' parent_callsign='ADS-B'/><tadilj tadilj=''/><tadilj tadilj=''/><color argb='-1'/><precisionlocation geopointsrc='???' altsrc='???'/><_flow-tags_ demo1='2017-05-07T20:35:14Z'/></detail>,201705071635
39657085,53,a-n-A-C-F-m,m-g,<detail><status readiness='true'/><contact callsign='NKS306'/><link uid='ANDROID-353300067817459' production_time='2017-05-07T20:32:30.642Z' relation='p-p' type='a-f-G-U-C' parent_callsign='ADS-B'/><tadilj tadilj=''/><tadilj tadilj=''/><color argb='-1'/><precisionlocation geopointsrc='???' altsrc='???'/><_flow-tags_ demo1='2017-05-07T20:35:14Z'/></detail>,201705071635
39657086,29,a-n-A-C-F-m,m-g,<detail><status readiness='true'/><contact callsign='AAL769'/><link uid='ANDROID-353300067817459' production_time='2017-05-07T20:29:45.324Z' relation='p-p' type='a-f-G-U-C' parent_callsign='ADS-B'/><tadilj tadilj=''/><tadilj tadilj=''/><color argb='-1'/><precisionlocation geopointsrc='???' altsrc='???'/><_flow-tags_ demo1='2017-05-07T20:35:14Z'/></detail>,201705071635
39657087,67,a-n-A-C-F-m,m-g,<detail><status readiness='true'/><contact callsign='UAL1628'/><link uid='ANDROID-353300067817459' production_time='2017-05-07T20:34:09.976Z' relation='p-p' type='a-f-G-U-C' parent_callsign='ADS-B'/><tadilj tadilj=''/><tadilj tadilj=''/><color argb='-1'/><precisionlocation geopointsrc='???' altsrc='???'/><_flow-tags_ demo1='2017-05-07T20:35:14Z'/></detail>,201705071635
39657088,53,a-n-A-C-F-m,m-g,<detail><status readiness='true'/><contact callsign='NKS306'/><link uid='ANDROID-353300067817459' production_time='2017-05-07T20:32:30.642Z' relation='p-p' type='a-f-G-U-C' parent_callsign='ADS-B'/><tadilj tadilj=''/><tadilj tadilj=''/><color argb='-1'/><precisionlocation geopointsrc='???' altsrc='???'/><_flow-tags_ demo1='2017-05-07T20:35:14Z'/></detail>,201705071635
39657089,53,a-n-A-C-F-m,m-g,<detail><status readiness='true'/><contact callsign='NKS306'/><link uid='ANDROID-353300067817459' production_time='2017-05-07T20:32:30.642Z' relation='p-p' type='a-f-G-U-C' parent_callsign='ADS-B'/><tadilj tadilj=''/><tadilj tadilj=''/><color argb='-1'/><precisionlocation geopointsrc='???' altsrc='???'/><_flow-tags_ demo1='2017-05-07T20:35:14Z'/></detail>,201705071635
