person235, person100
person101, person126
person104, person126
person124, person126
person234, person126
person235, person126
person240, person13
person407, person14
person150, person14
person211, person14
person342, person142
person171, person148
person235, person154
person407, person161
person240, person161
person104, person204
person124, person204
person234, person204
person150, person208
person342, person206
person72, person206
person180, person212
person211, person21
person407, person21
person342, person217
person72, person217
person101, person218
person165, person242
person342, person241
person293, person239
person101, person253
person124, person253
person331, person249
person240, person257
person101, person255
person104, person255
person124, person255
person234, person255
person235, person255
person415, person262
person292, person262
person211, person284
person407, person284
person342, person300
person415, person314
person171, person314
person150, person318
person240, person352
person292, person352
person415, person352
person150, person353
person211, person352
person101, person357
person104, person357
person124, person357
person234, person357
person235, person357
person107, person376
