person21, person150
person347, person171
person352, person185
person72, person284
person142, person92
person204, person352
person80, person126
person212, person322
person357, person204
person298, person104
person185, person419
person331, person292
person29, person211
person394, person104
person255, person204
person239, person171
person183, person204
person101, person293
person148, person435
person322, person242
person126, person204
person300, person397
person124, person429
person347, person113
person154, person29
person284, person89
person89, person394
person375, person419
person257, person298
person80, person113
person242, person14
person208, person397
person335, person21
person80, person100
person410, person107
person113, person380
person415, person142
person41, person45
person402, person185
person293, person77
person217, person208
person406, person353
person77, person13
person298, person406
person150, person257
person98, person318
person298, person300
person154, person72
person179, person235
person99, person81
person242, person234
person211, person99
person435, person292
person81, person429
person92, person240
person410, person15
person293, person300
person410, person165
person83, person376
person376, person318
person92, person242
person435, person21
person154, person378
person314, person63
person21, person314
person376, person150
person408, person81
person171, person375
person234, person171
person353, person148
person290, person435
person335, person284
person306, person262
person92, person45
person41, person404
person357, person406
person193, person342
person419, person83
person406, person124
person208, person89
person410, person342
person306, person99
person347, person406
person124, person217
person13, person322
person45, person21
person347, person347
person318, person99
person403, person241
person161, person73
person347, person249
person180, person204
person357, person211
person249, person21
person262, person429
person15, person235
person298, person208
person241, person318
person171, person179
person98, person14
person342, person347
person14, person322
person13, person240
person148, person293
person208, person314
person5, person235
person406, person204
person406, person403
person89, person293
person284, person218
person411, person171
person406, person411
person75, person142
person393, person347
person415, person376
person21, person335
