person375, person165
person40, person107
person290, person239
person72, person21
person208, person92
person204, person352
person72, person212
person113, person126
person100, person234
person241, person171
person253, person204
person397, person410
person335, person394
person241, person100
person322, person242
person290, person206
person77, person204
person411, person397
person331, person104
person104, person300
person347, person113
person138, person206
person80, person113
person404, person255
person298, person241
person373, person376
person352, person14
person335, person83
person13, person380
person378, person404
person240, person142
person206, person204
person77, person13
person142, person72
person45, person240
person331, person99
person239, person79
person63, person40
person402, person429
person193, person240
person314, person15
person300, person99
person253, person435
person218, person318
person63, person292
person300, person393
person21, person15
person410, person204
person45, person376
person142, person318
person92, person242
person13, person63
person21, person314
person262, person29
person353, person81
person92, person206
person419, person185
person318, person148
person206, person185
person14, person262
person77, person104
person255, person342
person73, person126
person104, person13
person77, person406
person353, person342
person353, person83
person407, person104
person92, person415
person82, person126
person14, person89
person234, person235
person257, person99
person124, person92
